city;federal_district;region_fo;id
Абаза;Сибирский;Хакасия Респ;a369b520-09b4-49b2-b28c-61c9146153e6
Абакан;Сибирский;Хакасия Респ;42a02e11-a337-4d50-8596-fc76dae7c62a
Абдулино;Приволжский;Оренбургская обл;5e796fe8-2870-4a24-a14a-5669ca0141e5
Абинск;Южный;Краснодарский край;ecd4abbc-79eb-4dd9-b02d-b10760fbc4ff
Агидель;Приволжский;Башкортостан Респ;8294b97c-7553-499e-8369-821d6eb0fdc7
Агрыз;Приволжский;Татарстан Респ;9f936889-a757-419e-890a-d4cc1fa95e93
Адыгейск;Южный;Адыгея Респ;ccdfd496-8108-4655-aadd-bd228747306d
Азнакаево;Приволжский;Татарстан Респ;17296190-84f5-4afd-93c5-2b79cfc8bc12
Азов;Южный;Ростовская обл;a216cad5-7027-40b8-b1a1-d64abefbd5cd
Ак-Довурак;Сибирский;Тыва Респ;7e4932c1-2db8-4fee-9997-655d837e70e1
Аксай;Южный;Ростовская обл;9bebf626-3ee7-4e1b-9e91-569c9d402152
Алагир;Северо-Кавказский;Северная Осетия - Алания Респ;e6dcf985-09c1-4ede-ba3d-de714f0a5787
Алапаевск;Уральский;Свердловская обл;a4ab722e-453a-4aed-bb73-728a05e2e27f
Алатырь;Приволжский;Чувашская Республика Чувашия;a699e866-12f0-42c3-94fd-67ca44468805
Алдан;Дальневосточный;Саха /Якутия/ Респ;29a64605-5441-48c5-bc08-117a72ebc843
Алейск;Сибирский;Алтайский край;ae716080-f27b-40b6-a555-cf8b518e849e
Александров;Центральный;Владимирская обл;59e55956-69a2-432f-b880-74cf8ec0b9fe
Александровск;Приволжский;Пермский край;4f07ade1-1415-44c8-bed9-e851f1ef558d
Александровск-Сахалинский;Дальневосточный;Сахалинская обл;b56de39f-87a4-4c5c-a2b1-9ccb64039774
Алексеевка;Центральный;Белгородская обл;94969f84-fff4-4ddf-9677-b912b4b2aa3e
Алексин;Центральный;Тульская обл;b9688874-4981-4b22-a930-2521c04beb3c
Алзамай;Сибирский;Иркутская обл;a7812582-bd5d-4d13-b284-d2b052265e9d
Алушта;Южный;Крым Респ;1fb30227-c758-4b1a-814b-eab9c8e7a582
Альметьевск;Приволжский;Татарстан Респ;1ca4e6ce-2bc8-40a9-bdf5-113449c3a172
Амурск;Дальневосточный;Хабаровский край;d3c4b43d-3e19-4454-939b-d92ef3d6c875
Анадырь;Дальневосточный;Чукотский АО;7fad3a21-06b4-4af3-9657-bf1521714952
Анапа;Южный;Краснодарский край;eeb7a0a7-3bbf-4f00-8a03-a7eabc257bed
Ангарск;Сибирский;Иркутская обл;82b6b7c8-82a4-44b2-8bc7-691373706b89
Андреаполь;Центральный;Тверская обл;0c193436-6308-407a-afbb-973a8c075630
Анжеро-Судженск;Сибирский;Кемеровская область - Кузбасс обл;8a5314a4-903e-475c-a4db-8f03db3b793f
Анива;Дальневосточный;Сахалинская обл;7e2a1112-2976-44b8-94a1-c0af2bad7d38
Апатиты;Северо-Западный;Мурманская обл;f0851e80-59d9-400b-b6d5-5f5f623bb29d
Апрелевка;Центральный;Московская обл;17b4ba8a-4300-44e4-bbf7-5f0a8118ddf5
Апшеронск;Южный;Краснодарский край;7b9a7eb9-0d6d-4135-ad1c-3c059db9f386
Арамиль;Уральский;Свердловская обл;c99ffa11-6b7e-4040-9f9e-baa1eeca8a91
Аргун;Северо-Кавказский;Чеченская Респ;3672454d-2697-4ce1-9666-cc9c744ba5c5
Ардатов;Приволжский;Мордовия Респ;edab359e-50ac-422a-9117-78ce44b6f758
Ардон;Северо-Кавказский;Северная Осетия - Алания Респ;fc26547e-11ce-464b-b4f2-96b37df6f23f
Арзамас;Приволжский;Нижегородская обл;7e42f157-87d6-4111-a406-17432e814723
Аркадак;Приволжский;Саратовская обл;9b58edf4-1ee2-43e0-9df9-d93d48a66ad1
Армавир;Южный;Краснодарский край;fc9c55d0-c66e-455e-8034-b0944b025c38
Армянск;Южный;Крым Респ;2634dc63-5ab7-4b52-81de-ab6745a8eb02
Арсеньев;Дальневосточный;Приморский край;36e4c7ce-7320-48ee-8320-0587c1e09917
Арск;Приволжский;Татарстан Респ;d2c6e970-af35-41fe-9ba6-dc44a4187c67
Артем;Дальневосточный;Приморский край;3ce80b09-9b72-4e68-9b2d-becaaee4570e
Артемовск;Сибирский;Красноярский край;d0d7a2fa-5bdc-4944-8047-75e80e4e883c
Артемовский;Уральский;Свердловская обл;fdc6b0ad-4096-43e7-a2e9-16404d2e1f68
Архангельск;Северо-Западный;Архангельская обл;06814fb6-0dc3-4bec-ba20-11f894a0faf5
Асбест;Уральский;Свердловская обл;f5fb13f3-c7d2-4075-821b-9cca03f1ae12
Асино;Сибирский;Томская обл;8540435c-3516-4d00-a7e5-213165da85e5
Астрахань;Южный;Астраханская обл;a101dd8b-3aee-4bda-9c61-9df106f145ff
Аткарск;Приволжский;Саратовская обл;6f9e3e0b-3872-4abf-a2ba-23ae4b196a73
Ахтубинск;Южный;Астраханская обл;8d7acd62-cef4-4d5c-8057-644ee454ce6c
Ачинск;Сибирский;Красноярский край;c3689d32-dea5-49c8-b69b-b8d2daa1d36b
Аша;Уральский;Челябинская обл;c1c960ba-28ed-4a23-9663-668a10e8dbc1
Бабаево;Северо-Западный;Вологодская обл;e61e9415-3cdc-4e44-9cdf-a98662bab04f
Бабушкин;Дальневосточный;Бурятия Респ;519731a7-aace-435a-9a1c-1d0051ab7913
Бавлы;Приволжский;Татарстан Респ;2a7d9c47-fc56-4167-a5fc-5e40a8a5f5d5
Багратионовск;Северо-Западный;Калининградская обл;427dc561-3277-43bd-a310-7c1953a3c8bd
Байкальск;Сибирский;Иркутская обл;cd4477e8-3335-442a-a0a4-9429a52f5c52
Баймак;Приволжский;Башкортостан Респ;874d4c58-31cd-4309-80db-8f14863efdbb
Бакал;Уральский;Челябинская обл;f0eff629-59f9-46e3-a3e1-70003376fbd8
Баксан;Северо-Кавказский;Кабардино-Балкарская Респ;67851dfd-e142-451a-b6b1-ea5e9bc7f0c1
Балабаново;Центральный;Калужская обл;ef65fa9c-6516-4175-a00a-6410a4a6f2d6
Балаково;Приволжский;Саратовская обл;45eea4e7-2977-44bb-9b3d-ef8e9198e5d2
Балахна;Приволжский;Нижегородская обл;275737a6-dee6-493b-82bb-ca5c3c97b24e
Балашиха;Центральный;Московская обл;27c5bc66-61bf-4a17-b0cd-ca0eb64192d6
Балашов;Приволжский;Саратовская обл;574ddbe6-5e16-4e5b-9cf5-5f3be3a8a6c9
Балей;Дальневосточный;Забайкальский край;29a51a64-5ca3-4cc6-87ff-9cdfcc17642e
Балтийск;Северо-Западный;Калининградская обл;97323948-09db-411c-8e9a-43ad2ec25687
Барабинск;Сибирский;Новосибирская обл;0133a54d-617a-4682-8885-e22c85588be8
Барнаул;Сибирский;Алтайский край;d13945a8-7017-46ab-b1e6-ede1e89317ad
Барыш;Приволжский;Ульяновская обл;52cccd1a-84fd-448a-a91e-36f113b9946f
Батайск;Южный;Ростовская обл;3809afb6-fdfd-4115-9e55-236abf108c81
Бахчисарай;Южный;Крым Респ;bc8c57aa-1f97-4b2a-98ef-fc16bbb0d6cc
Бежецк;Центральный;Тверская обл;a8a1798c-3aa9-4716-82a1-51ec18e23c04
Белая Калитва;Южный;Ростовская обл;2d38257c-c09e-405d-af01-93fc9cd3f6cd
Белая Холуница;Приволжский;Кировская обл;49e2b1b5-771f-4dfd-9428-e74cd055d113
Белгород;Центральный;Белгородская обл;02e9c019-ab4d-4fa0-928e-d6c0a41dc256
Белебей;Приволжский;Башкортостан Респ;11e85c3e-c276-43b3-94e8-6b7f6cde5ac1
Белев;Центральный;Тульская обл;a9d553c1-2d2e-422a-afba-96b3b34755e1
Белинский;Приволжский;Пензенская обл;ea57fb75-444f-4f54-b89e-d66ac91774ba
Белово;Сибирский;Кемеровская область - Кузбасс обл;1346744e-8a64-4712-8939-bb84a1692874
Белогорск;Дальневосточный;Амурская обл;c528e99b-7e81-4290-9cda-8713884472a5
Белозерск;Северо-Западный;Вологодская обл;9444e5a5-b164-42b8-b4ff-e3b4c157fc54
Белокуриха;Сибирский;Алтайский край;e4edca96-9b86-4cac-8c7f-cc93d9ba4cd1
Беломорск;Северо-Западный;Карелия Респ;b4bc7957-5539-4da9-ac5f-d6ee037c0d52
Белоозёрский;Центральный;Московская обл;76a108ed-a04d-41d0-a556-39865e793886
Белорецк;Приволжский;Башкортостан Респ;dd65b1de-c076-4126-9b56-c4b4979e2b0f
Белореченск;Южный;Краснодарский край;ce9dccce-d0a3-49c4-a934-3f8de7fbed2a
Белоусово;Центральный;Калужская обл;4601e932-0ca3-474f-a8a6-e67cc034b346
Белоярский;Уральский;Ханты-Мансийский Автономный округ - Югра АО;db0b028c-2da0-4fb9-af00-6fed7a7644a0
Бердск;Сибирский;Новосибирская обл;fd0191f4-4687-42d9-be64-4ebc7824bd08
Березники;Приволжский;Пермский край;4ffcde97-05e9-4a6e-bd51-3a984b41b7bd
Березовский;Сибирский;Кемеровская область - Кузбасс обл;ef6bac92-b712-42ba-942b-515b36b9a32c
Беслан;Северо-Кавказский;Северная Осетия - Алания Респ;cbf3eb9d-f86c-4dbb-ba9e-f9f6521b096f
Бийск;Сибирский;Алтайский край;52f876f6-cb1d-4f23-a22f-b692609fc1e0
Бикин;Дальневосточный;Хабаровский край;70dc89f8-f067-482a-bd50-4fb2782463e7
Билибино;Дальневосточный;Чукотский АО;c012d402-217c-488a-85f3-52b3312ddab6
Биробиджан;Дальневосточный;Еврейская Аобл;5d133391-46ee-496b-83a6-efeeaa903643
Бирск;Приволжский;Башкортостан Респ;8c049a5c-f080-4052-93a9-89decf401900
Бирюсинск;Сибирский;Иркутская обл;5b646190-2037-409f-bf0f-6fb8194a0581
Бирюч;Центральный;Белгородская обл;eaaf5809-d1e2-4d93-8f05-85dd598cc403
Благовещенск;Дальневосточный;Амурская обл;8f41253d-6e3b-48a9-842a-25ba894bd093
Благодарный;Северо-Кавказский;Ставропольский край;0e527607-a1cd-462c-9b85-f33ddea64ad0
Бобров;Центральный;Воронежская обл;0a50bda2-e801-4e11-bcc0-8c6469d46a5d
Богданович;Уральский;Свердловская обл;0c5ca223-c100-4d91-b89b-33a59ba2dc69
Богородицк;Центральный;Тульская обл;e80009cb-c8c9-4dda-90cb-082b6e0d5d8c
Богородск;Приволжский;Нижегородская обл;17962cbc-48c7-43d4-b174-c35485d114e7
Боготол;Сибирский;Красноярский край;cb56cf76-4a34-428d-8244-a802414d5fac
Богучар;Центральный;Воронежская обл;33b88f52-819d-4ba5-aa70-3fe4ccfd33d6
Бодайбо;Сибирский;Иркутская обл;8ace6ae4-7a35-494a-bfbd-9a743a929c39
Бокситогорск;Северо-Западный;Ленинградская обл;1a12dc30-ca4c-480f-89dd-31452648b493
Болгар;Приволжский;Татарстан Респ;724d41e3-f0ac-4254-a207-897ea3d42076
Бологое;Центральный;Тверская обл;01fecded-f136-4c58-986b-2eef124c8290
Болотное;Сибирский;Новосибирская обл;7e18e6d0-f7e1-4ada-a845-cc7ab5431a1a
Болохово;Центральный;Тульская обл;0e4f8d4e-bc37-4c6e-b46f-a448a0bcb84a
Болхов;Центральный;Орловская обл;4393f437-1a48-4083-bed9-ad3382fdad16
Большой Камень;Дальневосточный;Приморский край;1315186b-9ae8-4f92-b3a5-1db055c15358
Борзя;Дальневосточный;Забайкальский край;d4b135b9-4504-4bae-8585-da058d350f58
Борисоглебск;Центральный;Воронежская обл;e5c49f70-5235-49ef-a16b-816114b36566
Боровичи;Северо-Западный;Новгородская обл;ae2f372e-7df2-400c-95f9-4b0522567634
Боровск;Центральный;Калужская обл;db14bfff-fea7-469e-82f4-ccf4209d6753
Бородино;Сибирский;Красноярский край;78d7587f-ef26-48dc-81c6-d3ff445c9c8b
Братск;Сибирский;Иркутская обл;bdf6b629-b33e-4cfa-b4b2-7f693e1d821c
Бронницы;Центральный;Московская обл;582fae29-5955-4dba-9f77-ebf9a8e60827
Брянск;Центральный;Брянская обл;414b71cf-921e-4bfc-b6e0-f7395d16aaef
Бугульма;Приволжский;Татарстан Респ;2c857ac6-3fb8-421d-bfd4-deeffa96df8f
Бугуруслан;Приволжский;Оренбургская обл;680f6208-865b-43b4-ab24-1f42f51d2c33
Буденновск;Северо-Кавказский;Ставропольский край;bcca8fda-282d-4a90-9303-7a37a8197242
Бузулук;Приволжский;Оренбургская обл;653b316e-d0ca-414e-9211-03a96643e91b
Буинск;Приволжский;Татарстан Респ;58e5a396-77c4-4ab6-b235-afe364c0580f
Буй;Центральный;Костромская обл;9180ffd0-7f8d-4fdb-a284-583f27e378eb
Буйнакск;Северо-Кавказский;Дагестан Респ;fab58303-fb09-422e-aeb7-6fdb5dfe7941
Бутурлиновка;Центральный;Воронежская обл;b3c350d7-8c81-4016-b198-f197536e8321
Валдай;Северо-Западный;Новгородская обл;a9075bb6-f2b2-497f-86e1-fe3d9592c075
Валуйки;Центральный;Белгородская обл;fe7eea4a-875a-4235-aa61-81c2a37a0440
Велиж;Центральный;Смоленская обл;7e0ce062-6798-4091-9b28-d1c30d369a36
Великие Луки;Северо-Западный;Псковская обл;ca091eae-2c39-4730-b57d-b2fa570f71cb
Великий Новгород;Северо-Западный;Новгородская обл;8d0a05bf-3b8a-43e9-ac26-7ce61d7c4560
Великий Устюг;Северо-Западный;Вологодская обл;9db452cb-452a-4373-9610-a265b3b55653
Вельск;Северо-Западный;Архангельская обл;71051070-fce3-4a4d-a9d9-cd50f6dc6310
Венев;Центральный;Тульская обл;6fef4448-fd64-4669-8f49-866718b3ec5c
Верещагино;Приволжский;Пермский край;9bd0970e-7fbb-4a64-a625-af7670526dba
Верея;Центральный;Московская обл;abda86de-97b7-4098-9d09-e1835c6e8797
Верхнеуральск;Уральский;Челябинская обл;e4a3d40b-d937-4eef-900f-e16a2244a4c1
Верхний Тагил;Уральский;Свердловская обл;e76b32c8-a93e-4d3f-bae2-282dc900954a
Верхний Уфалей;Уральский;Челябинская обл;03aa453a-c7d6-4567-9a59-34a9e9cc1eac
Верхняя Пышма;Уральский;Свердловская обл;061cd8e0-b7bd-4a31-944e-a6e3da93631d
Верхняя Салда;Уральский;Свердловская обл;744462fb-a17d-43be-b71e-e7ecbd687561
Верхняя Тура;Уральский;Свердловская обл;4ffc4d96-d8fb-49c8-9e36-0989968d06e5
Верхотурье;Уральский;Свердловская обл;6a688b13-5231-4d5e-b5eb-ee14da03ac10
Верхоянск;Дальневосточный;Саха /Якутия/ Респ;86a078da-13f2-4c47-989a-cce0384a60d3
Весьегонск;Центральный;Тверская обл;1e4608bf-7b7d-41a8-b6e3-78010ee9ce80
Ветлуга;Приволжский;Нижегородская обл;aa1e00f2-a813-4f3d-b74a-9f9d73bfb1ff
Видное;Центральный;Московская обл;9a72b510-9413-41d8-b076-576fbfd78404
Вилюйск;Дальневосточный;Саха /Якутия/ Респ;52297f9a-df7f-4d97-9260-342aed1f0718
Вилючинск;Дальневосточный;Камчатский край;b75a9701-5cd4-4623-99d5-4fa7463ceb47
Вихоревка;Сибирский;Иркутская обл;04bc8726-0523-4aeb-8450-fe07ff425372
Вичуга;Центральный;Ивановская обл;3d518b4e-86b2-48d5-bcf3-48f107165918
Владивосток;Дальневосточный;Приморский край;7b6de6a5-86d0-4735-b11a-499081111af8
Владикавказ;Северо-Кавказский;Северная Осетия - Алания Респ;20ea2341-4f49-4c5c-a9dc-a54688c8cc61
Владимир;Центральный;Владимирская обл;f66a00e6-179e-4de9-8ecb-78b0277c9f10
Волгоград;Южный;Волгоградская обл;a52b7389-0cfe-46fb-ae15-298652a64cf8
Волгодонск;Южный;Ростовская обл;1a453dcd-8885-4999-923b-1bbaa5a1cec4
Волгореченск;Центральный;Костромская обл;40eb94b1-c51e-455c-92af-7dafaaa92caa
Волжск;Приволжский;Марий Эл Респ;f183b079-b65f-4781-9b79-310ba29b724d
Волжский;Южный;Волгоградская обл;bc5ed788-84c8-493e-9598-7a15a9f1e4c1
Вологда;Северо-Западный;Вологодская обл;023484a5-f98d-4849-82e1-b7e0444b54ef
Володарск;Приволжский;Нижегородская обл;b92c9e2b-161d-4043-87ef-ed255529f7c6
Волоколамск;Центральный;Московская обл;ca8fb626-709c-4851-a8d6-cbfd592c3bf8
Волосово;Северо-Западный;Ленинградская обл;eb8a9d09-6728-43fe-b3d1-21a2c804b40c
Волхов;Северо-Западный;Ленинградская обл;d77089df-c8ed-464d-a26b-69ce42383a0f
Волчанск;Уральский;Свердловская обл;68edcd30-0b57-4699-a196-343b80d23223
Вольск;Приволжский;Саратовская обл;83f29047-8dd9-411d-ac4b-c5811ea815f1
Воркута;Северо-Западный;Коми Респ;e0bf9ea3-7cbf-4b13-95f1-32c3ee9b3ae5
Воронеж;Центральный;Воронежская обл;5bf5ddff-6353-4a3d-80c4-6fb27f00c6c1
Ворсма;Приволжский;Нижегородская обл;cd695c84-0b68-4d4c-8068-76e9bba1228a
Воскресенск;Центральный;Московская обл;555e9f1b-627a-4444-b19e-27fb9d67a093
Воткинск;Приволжский;Удмуртская Респ;d948319d-b151-48f5-9791-22ccfeeabfe7
Всеволожск;Северо-Западный;Ленинградская обл;c70a5280-c482-4f6e-801a-cdd6851eab50
Вуктыл;Северо-Западный;Коми Респ;f69a676b-8ede-4a19-80b6-6db85a12b5e1
Выборг;Северо-Западный;Ленинградская обл;a4a3e3af-ce5a-4eba-9aae-36c350fa7fec
Выкса;Приволжский;Нижегородская обл;d89942e8-e06b-46bd-a805-7cec8f77417e
Высоковск;Центральный;Московская обл;a8ad4e79-a4c9-4f2e-ade5-a7fa3ab0da03
Высоцк;Северо-Западный;Ленинградская обл;f0a4b813-7189-4bd4-8a3a-aaa7fbed4711
Вытегра;Северо-Западный;Вологодская обл;f66fbc22-445e-42ab-8f53-3de507d877c9
Вышний Волочек;Центральный;Тверская обл;ac45dd91-33c1-4689-a48c-226c75dc752d
Вяземский;Дальневосточный;Хабаровский край;6dbd1c8b-7c73-4ff7-9cbd-7062ac0cc88d
Вязники;Центральный;Владимирская обл;0114e0c6-4060-4473-bc44-779e5a85e9dd
Вязьма;Центральный;Смоленская обл;d2fa2230-a9f4-4b75-b21e-059026dd6ce5
Вятские Поляны;Приволжский;Кировская обл;7ad714c1-1136-4c39-84c1-17e15dbc5aab
Гаврилов Посад;Центральный;Ивановская обл;3f81927e-bc4b-45c7-a962-b80c0e216115
Гаврилов-Ям;Центральный;Ярославская обл;b94f9367-389f-4825-a837-d6af47171ed8
Гагарин;Центральный;Смоленская обл;84f1f1f9-34a5-4a9f-9a0b-a2ce6a0fe242
Гаджиево;Северо-Западный;Мурманская обл;b77147ce-b55e-4019-9aca-ed3872b9fbb0
Гай;Приволжский;Оренбургская обл;c9a3cd9e-a133-4de9-aafb-a6e0b664312c
Галич;Центральный;Костромская обл;f2bc7c4a-cf05-48da-aed1-9abd3c57925b
Гатчина;Северо-Западный;Ленинградская обл;d193a2f8-4ea1-406a-ba9a-698ae19caeb7
Гвардейск;Северо-Западный;Калининградская обл;8f9e9cc0-711f-470a-9fff-2a65c00c8439
Гдов;Северо-Западный;Псковская обл;cdbe4f8f-1a44-4c99-a3c8-06b501a3ad2e
Геленджик;Южный;Краснодарский край;e157b9c0-f908-48bc-a1d7-39c482a501a5
Георгиевск;Северо-Кавказский;Ставропольский край;ea88bcba-c562-438a-9115-8b32426b0c8e
Глазов;Приволжский;Удмуртская Респ;afeea607-0207-467f-8c59-562fc634f924
Голицыно;Центральный;Московская обл;963efb34-c804-43b4-9298-8e145d188ed0
Горбатов;Приволжский;Нижегородская обл;9e79f812-d4b6-48d6-97c3-aa94c102de3e
Горно-Алтайск;Сибирский;Алтай Респ;0839d751-b940-4d3d-afb6-5df03fdd7791
Горнозаводск;Приволжский;Пермский край;17644b43-80ff-4dea-b823-3b9dbf9e9ef0
Горняк;Сибирский;Алтайский край;094b3627-2699-4782-8492-4d82aac71958
Городец;Приволжский;Нижегородская обл;a80ea6a8-87f3-4621-89bb-eeb16f56ef94
Городище;Приволжский;Пензенская обл;b9d45c36-c679-40bb-8168-7ab78913a2c7
Городовиковск;Южный;Калмыкия Респ;ae5ed160-39e8-46b7-ac27-d858e7032877
Гороховец;Центральный;Владимирская обл;e3bc9262-6bcf-42f8-a0bd-a8a00def58bc
Горячий Ключ;Южный;Краснодарский край;298ebb96-d9c3-4809-b466-386c778234a5
Грайворон;Центральный;Белгородская обл;51c31ef5-10b3-4011-8e1c-7e7d452afd1b
Гремячинск;Приволжский;Пермский край;edeaf203-1bc3-4fe1-b3ed-15eb89978783
Грозный;Северо-Кавказский;Чеченская Респ;a2072dc5-45be-4db3-ab13-10784ba8b2ae
Грязи;Центральный;Липецкая обл;f073b28a-b8f8-4eee-adfd-cfbf769c6771
Грязовец;Северо-Западный;Вологодская обл;aeee36bc-969a-4cc6-9fb3-5e237e776068
Губаха;Приволжский;Пермский край;1dc365d3-60b1-41ea-a3b3-1c599024cf30
Губкин;Центральный;Белгородская обл;98b1ec30-6107-4f99-ae3a-9d82492f30a1
Губкинский;Уральский;Ямало-Ненецкий АО;0cb9e3a5-20fa-4248-8c1d-b31d5ce7f691
Гудермес;Северо-Кавказский;Чеченская Респ;ab370c6d-8fd0-4e6b-9491-d83daaa829c9
Гуково;Южный;Ростовская обл;eef55456-4d89-4620-b361-d620221ad3a7
Гулькевичи;Южный;Краснодарский край;3039644e-5690-43b6-abbc-2d190f6dcecf
Гурьевск;Сибирский;Кемеровская область - Кузбасс обл;9924881d-bc20-4e72-8c2e-e4cf415c93c1
Гусев;Северо-Западный;Калининградская обл;66cb21da-0212-4d22-a2a3-f1badcd3a9d4
Гусиноозерск;Дальневосточный;Бурятия Респ;30e1ab6c-4ee2-45ce-934a-c3435a015c29
Гусь-Хрустальный;Центральный;Владимирская обл;aa4aa0d7-f97f-4974-9291-c0a530a1ccb6
Давлеканово;Приволжский;Башкортостан Респ;d820f602-8763-4f63-be89-10077a2f025b
Дагестанские Огни;Северо-Кавказский;Дагестан Респ;8b4a997b-1e70-402a-a56a-e93c81d0ff20
Далматово;Уральский;Курганская обл;7a5390a0-3cde-4616-92f4-8f59b9a4ad5c
Дальнегорск;Дальневосточный;Приморский край;b2a863e2-37be-4858-b65e-0babc3872052
Дальнереченск;Дальневосточный;Приморский край;e6e6c2b1-20cf-47a7-9a4b-39e8a96cc5c8
Данилов;Центральный;Ярославская обл;28068176-9b2e-4333-a320-9b748b98b9d3
Данков;Центральный;Липецкая обл;ad0cefe8-456d-4cac-bee3-c3e910187f4a
Дегтярск;Уральский;Свердловская обл;079bd9a9-7a84-4e6e-8a69-e73433e51e41
Дедовск;Центральный;Московская обл;05b3833e-37b3-470e-bf21-78adf1eec36f
Демидов;Центральный;Смоленская обл;ab27d164-4b35-48ca-95ba-66abb8977a76
Дербент;Северо-Кавказский;Дагестан Респ;1bde5cf4-7943-4b17-9718-2c1d96742be5
Десногорск;Центральный;Смоленская обл;5e2b3d5b-cd14-4116-8837-8878b5ccc057
Джанкой;Южный;Крым Респ;84a2685c-0d4b-4d2c-829c-e4a1d5f89620
Дзержинск;Приволжский;Нижегородская обл;1d5a97d5-9bdf-44c9-ac42-e201833e7f28
Дзержинский;Центральный;Московская обл;6fa8b59c-cda7-4c98-8b41-e0bcb2867e16
Дивногорск;Сибирский;Красноярский край;76cc6918-6b7c-42b4-80da-4635d97d0da1
Дигора;Северо-Кавказский;Северная Осетия - Алания Респ;aa883f13-ea3c-4b7f-9f3c-309a2b38db04
Димитровград;Приволжский;Ульяновская обл;73b29372-242c-42c5-89cd-8814bc2368af
Дмитриев;Центральный;Курская обл;d3ce7d17-c746-4ea3-a564-34903b79a3fd
Дмитров;Центральный;Московская обл;0d8a246f-6446-403e-91c6-3aec9cdbfc32
Дмитровск;Центральный;Орловская обл;25748825-cbac-4a45-b3d6-4770c3872478
Дно;Северо-Западный;Псковская обл;31e4b2e4-ae67-43db-82ea-8728cd5a71c7
Добрянка;Приволжский;Пермский край;230c2f4d-fd9d-46fc-8bbd-b8de26810790
Долгопрудный;Центральный;Московская обл;dcf522ad-e032-4db9-9dbb-e30d2cddfadb
Долинск;Дальневосточный;Сахалинская обл;d1e3874e-1b89-4000-b63e-2a0428adbcd8
Домодедово;Центральный;Московская обл;d177d438-ea69-4169-854c-d4512d7c8ebe
Донецк;Южный;Ростовская обл;8eeb1bf2-9de9-46d5-874f-50344ca9128b
Донской;Центральный;Тульская обл;dc8fbc8d-da2e-4bbb-a55c-94446fa7ad77
Дорогобуж;Центральный;Смоленская обл;1c5ce84f-3f65-4b10-ac4d-2b44144cc234
Дрезна;Центральный;Московская обл;70643e37-137c-4e66-a06e-22feb7784740
Дубна;Центральный;Московская обл;c86ad06c-c721-4a7e-aa06-f622eed83b6f
Дубовка;Южный;Волгоградская обл;66a2c07f-45b1-47d2-ab51-fa16288d07a6
Дудинка;Сибирский;Красноярский край;80b72eaa-bcf7-4759-b291-09ee5e8b3377
Духовщина;Центральный;Смоленская обл;ccb8ae0f-9d62-4dec-9ab0-0bbb34cb9def
Дюртюли;Приволжский;Башкортостан Респ;d4ac608f-5096-4529-bab2-68a26c64272e
Дятьково;Центральный;Брянская обл;fd37b6f0-2406-41ca-86bc-57dd58fd71f4
Евпатория;Южный;Крым Респ;e11bab0f-338d-43e0-bfa4-1d3c87759e2a
Егорьевск;Центральный;Московская обл;17a3426e-add6-4b2e-b4b1-6f36da02b6ab
Ейск;Южный;Краснодарский край;d22840fe-89f7-4f1a-8591-c51b87a7aec2
Екатеринбург;Уральский;Свердловская обл;2763c110-cb8b-416a-9dac-ad28a55b4402
Елабуга;Приволжский;Татарстан Респ;82d4c783-5080-4faa-9cec-ba9152bc9fc8
Елец;Центральный;Липецкая обл;8261b161-ceac-4fa2-9fe8-593cb2a28210
Елизово;Дальневосточный;Камчатский край;3da129ee-9b72-45ec-bef9-07b69e1eed4e
Ельня;Центральный;Смоленская обл;c1e4a479-76a2-4db4-9d24-835d659340a3
Еманжелинск;Уральский;Челябинская обл;450daf49-c6ce-4bbd-9e3e-350e6ad3bc6c
Емва;Северо-Западный;Коми Респ;77fc9582-dbc7-4696-9ddc-00471e94553f
Енисейск;Сибирский;Красноярский край;6eb21d40-5098-49bc-8b08-ac1a2805d22b
Ермолино;Центральный;Калужская обл;0c66ce29-8464-40ef-a11d-e8e6df7475fd
Ершов;Приволжский;Саратовская обл;2f0ecdcb-c844-4de9-80cc-6d19795ccb3a
Ессентуки;Северо-Кавказский;Ставропольский край;0ca8280c-89cb-4c81-8a99-ae10a98416bc
Ефремов;Центральный;Тульская обл;a6fad096-bd8a-49b8-ad26-78d892c208fd
Железноводск;Северо-Кавказский;Ставропольский край;f231a6e9-5631-44a6-80bf-585e9491165e
Железногорск;Сибирский;Красноярский край;e532b3c3-d300-4585-ada6-40e7900c2abf
Железногорск-Илимский;Сибирский;Иркутская обл;31ba5d12-ae5b-4cc0-8892-2a504423ee61
Жердевка;Центральный;Тамбовская обл;97034a8c-c36f-4e7b-880b-436ce8fec1be
Жигулевск;Приволжский;Самарская обл;2f44f8ee-a505-46bf-b6de-6648a166295e
Жиздра;Центральный;Калужская обл;2073f6df-cf12-455f-818d-cedea8f783fa
Жирновск;Южный;Волгоградская обл;1f9bda6f-45a5-4bf5-b1d8-434d763ea834
Жуков;Центральный;Калужская обл;53f014ee-1074-4f90-b948-9e5219e24b9b
Жуковка;Центральный;Брянская обл;bd51e883-748a-4c55-ac0a-eee31be1433e
Жуковский;Центральный;Московская обл;fd91f393-4820-437f-a50c-907e9856c374
Завитинск;Дальневосточный;Амурская обл;7b39476f-0edb-4bc3-bb31-6cedfb2aa695
Заводоуковск;Уральский;Тюменская обл;10c58caf-f8b8-44b6-99b9-5cf25f681fcf
Заволжск;Центральный;Ивановская обл;3bf1c329-e556-4d56-82d0-3b1b42b298da
Заволжье;Приволжский;Нижегородская обл;b1a903c2-9bdf-4a10-8e4b-e34d7b8d7dc3
Задонск;Центральный;Липецкая обл;4c035f08-697c-4ad0-9c8e-7b7a8a385974
Заинск;Приволжский;Татарстан Респ;098deac5-b810-4584-b277-10f8b5afe51d
Закаменск;Дальневосточный;Бурятия Респ;0602f259-5de5-48e0-8a2c-427a5e0aef82
Заозерный;Сибирский;Красноярский край;1f8ea2c9-d6f7-4c30-b76d-2aa81640732e
Заозерск;Северо-Западный;Мурманская обл;81a88076-04de-46c9-940a-3cb300e70e5b
Западная Двина;Центральный;Тверская обл;89a1b73c-6058-49e0-bdba-e7f10c2342dd
Заполярный;Северо-Западный;Мурманская обл;304cb068-e1d1-4947-944f-07c38cd8db6e
Зарайск;Центральный;Московская обл;98e62df9-591a-45af-876e-471060d057aa
Заречный;Уральский;Свердловская обл;8018ae42-55a5-4297-a126-b482aee0b634
Заринск;Сибирский;Алтайский край;142e04ef-dec1-44fa-b553-fac215764374
Звенигово;Приволжский;Марий Эл Респ;a9999751-53ff-4b43-b15f-6ad8034705ba
Звенигород;Центральный;Московская обл;4bae8c68-e107-4352-9d4b-f937f90469ac
Зверево;Южный;Ростовская обл;99f4120c-2af0-4c97-afbc-d17fdf350ba6
Зеленогорск;Сибирский;Красноярский край;38f208d6-6f29-4d30-b826-b42e8beecc67
Зеленоград;Центральный;Московская обл;ec44c0ee-bf24-41c8-9e1c-76136ab05cbf
Зеленоградск;Северо-Западный;Калининградская обл;448d8a42-8ebf-4ca5-a9f2-98efb532630f
Зеленодольск;Приволжский;Татарстан Респ;1e90ec38-0f85-442b-ac1b-ca687fa91d88
Зеленокумск;Северо-Кавказский;Ставропольский край;dcfa008b-e058-4be1-a409-18fc2b2e570f
Зерноград;Южный;Ростовская обл;c07d0c34-eadb-4102-bcef-7dd1a3ba27c3
Зея;Дальневосточный;Амурская обл;581855f4-f0bc-44a5-a36e-a298279f9ec4
Зима;Сибирский;Иркутская обл;7c3452ac-3953-4b78-a80c-64ec839620a6
Златоуст;Уральский;Челябинская обл;110c731e-d72b-4c37-91cb-03ce33d9e727
Злынка;Центральный;Брянская обл;9491aba8-fbc1-4da8-8ede-8d49690c393a
Змеиногорск;Сибирский;Алтайский край;e7001b8f-d104-4873-96d4-66339f5e530a
Знаменск;Южный;Астраханская обл;54ecd5a8-83d9-4a85-ae2c-6fe6976ab716
Зубцов;Центральный;Тверская обл;7f0cc277-4994-4c14-abe9-bbb776a8bcfc
Зуевка;Приволжский;Кировская обл;fe3dfa87-0363-4fbf-9a2c-dcfb237f6943
Ивангород;Северо-Западный;Ленинградская обл;752d9929-945c-4464-ae38-20a626108da9
Иваново;Центральный;Ивановская обл;40c6863e-2a5f-4033-a377-3416533948bd
Ивантеевка;Центральный;Московская обл;e12cf909-779a-4352-af51-7a2a07668f60
Ивдель;Уральский;Свердловская обл;c32d06c4-cca2-42f4-a3b3-b2fee48b9585
Игарка;Сибирский;Красноярский край;59a84d36-af93-4e61-aac4-999431645666
Ижевск;Приволжский;Удмуртская Респ;deb1d05a-71ce-40d1-b726-6ba85d70d58f
Избербаш;Северо-Кавказский;Дагестан Респ;bf14786f-6c0e-4369-8907-57f9d3fd93ac
Изобильный;Северо-Кавказский;Ставропольский край;82d67979-76e6-4c48-b5b0-18c0b969114c
Иланский;Сибирский;Красноярский край;8fa29485-6bce-450c-8c5c-26b8ab682bde
Инза;Приволжский;Ульяновская обл;a23672b1-86cf-4b07-b1a1-cf0b58e7419b
Иннополис;Приволжский;Татарстан Респ;98da33d3-9455-497a-9703-a0f89c95a901
Инсар;Приволжский;Мордовия Респ;e5473064-cb2e-4da5-aa2b-42599c031705
Инта;Северо-Западный;Коми Респ;1b136d3e-3bd6-440c-a3fd-23303143c440
Ипатово;Северо-Кавказский;Ставропольский край;589a16ac-fb2e-46f9-b59a-98c18d34d908
Ирбит;Уральский;Свердловская обл;4a90bd67-7682-4012-a0c5-09865b9d08a0
Иркутск;Сибирский;Иркутская обл;8eeed222-72e7-47c3-ab3a-9a553c31cf72
Исилькуль;Сибирский;Омская обл;097baa31-3a80-4fea-b34b-c613fbd8730e
Искитим;Сибирский;Новосибирская обл;6965fcac-b7e4-4cab-ab35-a591ed65edf5
Истра;Центральный;Московская обл;f05b2b62-f54c-4b44-aff2-6bc3e55a640c
Ишим;Уральский;Тюменская обл;248fbf02-0ba3-4208-8478-ba3def019844
Ишимбай;Приволжский;Башкортостан Респ;b3d2e10f-752d-4b90-b54b-9d6545f38ae0
Йошкар-Ола;Приволжский;Марий Эл Респ;0648e41c-a09b-4eac-91cd-8cf61b9ccb7b
Кадников;Северо-Западный;Вологодская обл;eb52b8bf-131d-4250-9a09-c0d41a7d42ee
Казань;Приволжский;Татарстан Респ;93b3df57-4c89-44df-ac42-96f05e9cd3b9
Калач;Центральный;Воронежская обл;57a863b5-02a7-482a-8320-a3d165c4bfd0
Калачинск;Сибирский;Омская обл;fc59f020-5c8e-45e8-baf5-c9069a61e4a9
Калач-на-Дону;Южный;Волгоградская обл;acc6220a-f624-4880-84d8-670319b0e25d
Калининград;Северо-Западный;Калининградская обл;df679694-d505-4dd3-b514-4ba48c8a97d8
Калининск;Приволжский;Саратовская обл;634cee3a-db47-4b0f-9b90-8be1d5965db5
Калтан;Сибирский;Кемеровская область - Кузбасс обл;5000e677-7d3c-4eec-b01d-f3f192abbd41
Калуга;Центральный;Калужская обл;b502ae45-897e-4b6f-9776-6ff49740b537
Калязин;Центральный;Тверская обл;fe762e07-f90b-4758-9816-54112f02740e
Камбарка;Приволжский;Удмуртская Респ;b3bb969f-79ee-46fb-b23c-42a7b19fe8e1
Каменка;Приволжский;Пензенская обл;e5313349-e01d-47a2-b329-b1629c243520
Каменногорск;Северо-Западный;Ленинградская обл;58399f33-3e18-4921-950a-ac0fa5f9e97c
Каменск-Уральский;Уральский;Свердловская обл;ecc16584-9814-44d7-a0f3-c79601caa734
Каменск-Шахтинский;Южный;Ростовская обл;76cb0cf6-49a5-4852-b45d-99e4ce12a7ea
Камень-на-Оби;Сибирский;Алтайский край;810ca9c7-f10e-4def-9c48-f0aa83168ca7
Камешково;Центральный;Владимирская обл;13cf312e-735f-4faa-8a7d-9a2622d50438
Камызяк;Южный;Астраханская обл;bc643e13-dcc5-4fa4-8cb1-94f71c5c18f4
Камышин;Южный;Волгоградская обл;0f9fb687-8d03-41a2-968f-033a2ba44f2f
Камышлов;Уральский;Свердловская обл;ac2abd40-bb9b-41df-abd8-a319afd88f00
Канаш;Приволжский;Чувашская Республика Чувашия;6edd2a33-d03a-4d59-83c3-e14de6890a49
Кандалакша;Северо-Западный;Мурманская обл;30fa6bcc-608e-40cb-b22a-b202967ff2a6
Канск;Сибирский;Красноярский край;75917770-c4cb-44d8-afcc-8a6d395c3bc2
Карабаново;Центральный;Владимирская обл;4f178a20-53a7-4032-b62b-7337315e0fc1
Карабаш;Уральский;Челябинская обл;dbca0fdd-89a6-43ad-9bd0-9796236917d7
Карабулак;Северо-Кавказский;Ингушетия Респ;2c33c72e-642b-4a7e-afe5-982f5adf6b17
Карасук;Сибирский;Новосибирская обл;23d59dbe-1aed-4564-84da-fe921f9ce294
Карачаевск;Северо-Кавказский;Карачаево-Черкесская Респ;cb390fbd-3149-4ac9-b9fb-6af069d51b71
Карачев;Центральный;Брянская обл;6f39b866-1fed-4add-aa00-e76992516660
Каргат;Сибирский;Новосибирская обл;f3a2db25-007e-4830-b460-e763ced3a642
Каргополь;Северо-Западный;Архангельская обл;a670f317-f3c4-4dd6-9d27-fa68a8b28b6f
Карпинск;Уральский;Свердловская обл;a695f868-8b1d-412a-b011-3e1eb265aad5
Карталы;Уральский;Челябинская обл;8de6102a-50a8-4bd4-9552-a265cb82b57f
Касимов;Центральный;Рязанская обл;5ad034ad-85b5-4106-be01-3d6e8b08cb2c
Касли;Уральский;Челябинская обл;9db9997b-8945-4ae2-9d14-6dfe0dd01c7e
Каспийск;Северо-Кавказский;Дагестан Респ;a8695cce-c623-4451-bb47-2d69ab22092a
Катав-Ивановск;Уральский;Челябинская обл;5c0f59dc-daeb-4891-a620-900a59d8cabd
Катайск;Уральский;Курганская обл;a0d524d7-5863-4a73-be5b-c165ad2f5e74
Качканар;Уральский;Свердловская обл;c6d37528-b353-43eb-81d8-64a4fd1612f5
Кашин;Центральный;Тверская обл;d0c58ce3-d21c-441f-be50-92de7f5bcc83
Кашира;Центральный;Московская обл;45b3f9ac-43cd-4bd0-90af-74cf64ea67f7
Кедровый;Сибирский;Томская обл;59cb7e41-b681-40c8-97f2-13374a397867
Кемерово;Сибирский;Кемеровская область - Кузбасс обл;94bb19a3-c1fa-410b-8651-ac1bf7c050cd
Кемь;Северо-Западный;Карелия Респ;e4338e50-dae7-4bd0-8843-ca0db77140d3
Керчь;Южный;Крым Респ;b7b1ef3e-bd1c-4080-80ea-f0580b40281b
Кизел;Приволжский;Пермский край;cc8b9eb5-bd4e-4472-8314-f889e8a6679c
Кизилюрт;Северо-Кавказский;Дагестан Респ;efc8a6e2-ffab-4d69-a35b-019bfe89745e
Кизляр;Северо-Кавказский;Дагестан Респ;e18e67f7-e62a-4abe-853c-ffb8e5ab57e1
Кимовск;Центральный;Тульская обл;1b04dfd7-7752-4c40-ae60-9fae9cb95237
Кимры;Центральный;Тверская обл;2c02d3e2-f65d-4d7f-b1a3-ffe55d2d4508
Кингисепп;Северо-Западный;Ленинградская обл;ef14bc6b-dd76-4264-bb40-c0fd8a60985b
Кинель;Приволжский;Самарская обл;8ca7cbe5-a14b-416a-974a-dfa56e7f396a
Кинешма;Центральный;Ивановская обл;df284e77-a45c-411d-8901-94c91f4a92e5
Киреевск;Центральный;Тульская обл;7cf29293-e9ab-4c7a-98ec-30d0c48ea104
Киренск;Сибирский;Иркутская обл;1ea67233-631c-49bf-8d7c-1a17fc785e97
Киржач;Центральный;Владимирская обл;115db243-1238-412f-a2a1-6d53ef30ba9e
Кириллов;Северо-Западный;Вологодская обл;bfe722ba-8bfd-4dbd-acc5-73da667a0f95
Кириши;Северо-Западный;Ленинградская обл;52da70f1-08b0-4b4c-9d22-d67a62bc2aa5
Киров;Приволжский;Кировская обл;452a2ddf-88a1-4e35-8d8d-8635493768d4
Кировград;Уральский;Свердловская обл;dd3f07bd-0109-47e0-8a0a-64928436beed
Кирово-Чепецк;Приволжский;Кировская обл;3cdc251a-a649-4063-8c51-00ea2f676a95
Кировск;Северо-Западный;Ленинградская обл;a1535e5e-c151-431a-a4c4-954d4545e37a
Кирс;Приволжский;Кировская обл;31ed73ca-6927-4243-9618-36de284ab038
Кирсанов;Центральный;Тамбовская обл;24694c2c-bab5-4fc7-9666-5ad984536465
Киселевск;Сибирский;Кемеровская область - Кузбасс обл;36122f01-1666-42e0-9c65-937787e8ca45
Кисловодск;Северо-Кавказский;Ставропольский край;82551e9e-14a4-4414-ad60-6cc944763ff3
Клин;Центральный;Московская обл;2365151a-7a78-4af5-a8fb-a4faff856df5
Клинцы;Центральный;Брянская обл;59cb1f1f-16f9-47eb-9487-14a6c00e8621
Княгинино;Приволжский;Нижегородская обл;b3350a67-b3c0-47b2-afb3-2b308227a89e
Ковдор;Северо-Западный;Мурманская обл;01cc7377-a3a7-4793-9c77-52e3ef66a6ff
Ковров;Центральный;Владимирская обл;0b4978e2-e64c-4db1-b84d-93cf34bdb04b
Ковылкино;Приволжский;Мордовия Респ;53445e0f-9d61-4359-9f4f-4983ff7aec34
Когалым;Уральский;Ханты-Мансийский Автономный округ - Югра АО;5a08166f-cfaa-4e95-8233-f0d473883bd3
Кодинск;Сибирский;Красноярский край;a97aba0e-9624-4e6c-8296-4e5fa103ddf0
Козельск;Центральный;Калужская обл;adc77035-406d-4cb4-9bcc-094c89ac67fc
Козловка;Приволжский;Чувашская Республика Чувашия;e4cdd522-24f9-4fa7-a900-7bd35be4ada5
Козьмодемьянск;Приволжский;Марий Эл Респ;70f9ed24-8b25-4688-857f-a337710d4825
Кола;Северо-Западный;Мурманская обл;866ace16-21ff-49c4-af8d-b74ef0e80208
Кологрив;Центральный;Костромская обл;2382db41-3085-4e55-a612-d597535ae960
Коломна;Центральный;Московская обл;b367fb03-29f9-4dac-8d85-01595cfb6ad9
Колпашево;Сибирский;Томская обл;c29a885f-a8c8-43b4-aecd-d439d36f5e47
Кольчугино;Центральный;Владимирская обл;8f9faad4-ff93-471d-b0c0-c8e5c0162dee
Коммунар;Северо-Западный;Ленинградская обл;459dca99-04ff-44fb-af9f-7e2100ec28ac
Комсомольск;Центральный;Ивановская обл;d812b7bf-68de-4e11-95d6-39f7c8ec111e
Комсомольск-на-Амуре;Дальневосточный;Хабаровский край;a29c5b20-5056-412b-9af6-7b805aa3ea72
Конаково;Центральный;Тверская обл;8f171e04-35f6-4c4d-bd95-97a5601b0d71
Кондопога;Северо-Западный;Карелия Респ;ca9f6919-1174-4f35-a932-232fa02a4334
Кондрово;Центральный;Калужская обл;9ea37890-3ec5-4425-8e41-f60d1844335d
Константиновск;Южный;Ростовская обл;89de999c-b58a-4d76-94e5-dc6152813b10
Копейск;Уральский;Челябинская обл;69462f61-d1da-4e61-a970-3b71c6623002
Кораблино;Центральный;Рязанская обл;8ea51b23-4bd6-401a-8e5a-0b3ecaa30081
Кореновск;Южный;Краснодарский край;76e1af12-0fae-42b0-8771-02191d803ad0
Коркино;Уральский;Челябинская обл;34bc4096-0b85-4b90-bac1-2539cb030041
Королёв;Центральный;Московская обл;819d6910-b4d1-474f-ad10-c1fa944dfca4
Корсаков;Дальневосточный;Сахалинская обл;ba09681d-27a6-4784-8369-fa13da3057bf
Коряжма;Северо-Западный;Архангельская обл;782acb50-ddfa-4483-bcbd-a5e667976036
Костерево;Центральный;Владимирская обл;50b6831d-52f4-4905-93d7-8e42812cd947
Костомукша;Северо-Западный;Карелия Респ;1925075b-8541-4075-97ea-edad0557626e
Кострома;Центральный;Костромская обл;14c73394-b886-40a9-9e5c-547cfd4d6aad
Котельники;Центральный;Московская обл;67488a01-ccb7-4638-bcad-117db0fbe9a3
Котельниково;Южный;Волгоградская обл;ec52e094-acd0-49ab-bc84-9ce0aa80c7c0
Котельнич;Приволжский;Кировская обл;49846fff-046e-4cee-944b-137cb833d67f
Котлас;Северо-Западный;Архангельская обл;93adb246-540e-40a2-a0fd-e96ca6796589
Котово;Южный;Волгоградская обл;6a9dded3-afcf-46ba-9881-5048c3bec5a3
Котовск;Центральный;Тамбовская обл;1cc2ab3c-1791-4771-b332-d2d96f52788e
Кохма;Центральный;Ивановская обл;022e301b-514f-477f-9d1e-f60430c40429
Красавино;Северо-Западный;Вологодская обл;78a546b6-196d-407f-a082-e7e85ff4acad
Красноармейск;Центральный;Московская обл;bc5d23ce-e886-4dc7-976c-6b8be6d501d2
Красноармейск;Приволжский;Саратовская обл;64954753-8e36-4948-9372-af3a08e88d57
Красновишерск;Приволжский;Пермский край;f42f49ba-d949-4245-843a-6ec5203d2fcd
Красногорск;Центральный;Московская обл;63fcf18a-365e-451f-baee-8d09ac50b773
Краснодар;Южный;Краснодарский край;7dfa745e-aa19-4688-b121-b655c11e482f
Краснозаводск;Центральный;Московская обл;6bec0be0-e5a7-4bf1-907a-9a1dadedc867
Краснознаменск;Северо-Западный;Калининградская обл;40c2a58b-8f84-4b30-8a22-038efe4f059a
Краснознаменск;Центральный;Московская обл;6e8a99b2-e6bd-4169-acb3-f7e6cd53be3b
Краснокаменск;Дальневосточный;Забайкальский край;3c9d5e9e-2922-4e9e-9e49-dbe6faf01fb2
Краснокамск;Приволжский;Пермский край;22ac4485-bdf3-422e-b67f-9b3aba46de5e
Красноперекопск;Южный;Крым Респ;1df1381d-cef8-4042-a5f8-4c18519d42b0
Краснослободск;Южный;Волгоградская обл;68e32d89-51bb-4030-b697-ceca53b9e740
Краснослободск;Приволжский;Мордовия Респ;870f93e7-2c41-45eb-baeb-b78cbcd79288
Краснотурьинск;Уральский;Свердловская обл;59b1c816-7f98-4707-b5e2-c6193fff8923
Красноуральск;Уральский;Свердловская обл;3c6a6e0c-29d7-409b-9d2a-135994cf5e97
Красноуфимск;Уральский;Свердловская обл;ddb355ab-7c2a-4f86-b388-6afbd81a7e73
Красноярск;Сибирский;Красноярский край;9b968c73-f4d4-4012-8da8-3dacd4d4c1bd
Красный Кут;Приволжский;Саратовская обл;94ff279a-6567-4ac1-8001-42d8fd89605e
Красный Сулин;Южный;Ростовская обл;687f3695-dcc4-4591-b8b9-a316f46a459a
Красный Холм;Центральный;Тверская обл;b62cf2b9-b222-434b-89ea-19e58c73b406
Кременки;Центральный;Калужская обл;73c0bcae-5da5-4796-9084-9b9e5905d501
Кропоткин;Южный;Краснодарский край;a4f6512e-2ee9-4250-b241-b58504a886b4
Крымск;Южный;Краснодарский край;ae6c6804-3c18-4337-bb6e-7479a8cb64f6
Кстово;Приволжский;Нижегородская обл;8d72434a-977f-418b-80e0-f37ff75d52e4
Кубинка;Центральный;Московская обл;50341359-842b-4ba1-b7f2-398a7b72f829
Кувандык;Приволжский;Оренбургская обл;7644221b-0ef9-40c3-8378-cb0e2299747e
Кувшиново;Центральный;Тверская обл;1370dc6a-9c3c-428b-b8ff-17fe39ee7654
Кудрово;Северо-Западный;Ленинградская обл;98cd19c4-e172-4fa3-a81d-7caedeec669b
Кудымкар;Приволжский;Пермский край;d36590ad-0286-44a2-876d-7732deee4234
Кузнецк;Приволжский;Пензенская обл;b4751488-e03d-416c-9cde-af7465256bfa
Куйбышев;Сибирский;Новосибирская обл;1b70e712-092e-4c45-9984-af3a2c7cfdd7
Кукмор;Приволжский;Татарстан Респ;840033db-f0cb-4783-b0e0-8c9235d64948
Кулебаки;Приволжский;Нижегородская обл;a963a64c-29cf-4342-bdc7-d998017aa4cd
Кумертау;Приволжский;Башкортостан Респ;48e38991-07fd-4aaa-b240-a7280e4a823f
Кунгур;Приволжский;Пермский край;73e5113d-949a-4a9e-8e44-6eae9ef93747
Купино;Сибирский;Новосибирская обл;b1467e32-e362-4e64-b5d7-0d7deba77505
Курган;Уральский;Курганская обл;3bbda77d-ba3f-4457-9d44-c440815cda89
Курганинск;Южный;Краснодарский край;2c58f372-aac8-4645-b41a-f39bdffef373
Курильск;Дальневосточный;Сахалинская обл;1e3fbbb8-0c90-4a49-a012-9d5813f4f032
Курлово;Центральный;Владимирская обл;4f68f8c7-bf54-48a6-8165-0313d75a83c2
Куровское;Центральный;Московская обл;9eb64ec8-9b97-465c-8c4d-ae667862dd62
Курск;Центральный;Курская обл;d790c72e-479b-4da2-90d7-842b1712a71c
Куртамыш;Уральский;Курганская обл;167681ea-0c54-48e2-8c4b-c03f71c9c248
Курчалой;Северо-Кавказский;Чеченская Респ;37464bf9-053a-4c84-bc16-b9f202749794
Курчатов;Центральный;Курская обл;a6d4bd96-8c96-4c15-86df-73087f55534d
Куса;Уральский;Челябинская обл;94812112-feed-454d-a3d2-45ba7bc691d0
Кушва;Уральский;Свердловская обл;c2b7db39-9ef3-4d9d-a109-a3870b583d45
Кызыл;Сибирский;Тыва Респ;8df8c56f-a46e-438f-a85b-a9b18ad4fc77
Кыштым;Уральский;Челябинская обл;969d3bb6-4d8e-4130-902b-b70571090302
Кяхта;Дальневосточный;Бурятия Респ;5ef858d8-f7e6-4ea9-8276-53a25672bf9f
Лабинск;Южный;Краснодарский край;0ec1acd4-d7bb-49f7-87c2-d66edb24f587
Лабытнанги;Уральский;Ямало-Ненецкий АО;6552fa92-269f-4b6a-bee5-fe9204463d99
Лагань;Южный;Калмыкия Респ;808f71cf-e9f9-4fe8-ab93-2b6326ebbd8e
Ладушкин;Северо-Западный;Калининградская обл;04950f38-5c4c-4989-8b7a-6224795a2b59
Лаишево;Приволжский;Татарстан Респ;72197ca2-8209-49d6-ba10-7796b2e2e852
Лакинск;Центральный;Владимирская обл;67eb946d-db25-4ad2-9852-6436ed35b39e
Лангепас;Уральский;Ханты-Мансийский Автономный округ - Югра АО;149e651b-5dd3-480f-a372-5174576609f6
Лахденпохья;Северо-Западный;Карелия Респ;5b02bb69-ea4f-482d-b6c3-5bdfea5244d6
Лебедянь;Центральный;Липецкая обл;d8a96228-5392-4c32-98cb-6a7ac20db942
Лениногорск;Приволжский;Татарстан Респ;e3a88932-c76e-4158-842c-d710a9856df1
Ленинск;Южный;Волгоградская обл;bee1ee84-fdcf-45b2-8c87-7b015efc4332
Ленинск-Кузнецкий;Сибирский;Кемеровская область - Кузбасс обл;cf600ae8-e376-42ae-bf7c-5aa1875dcd28
Ленск;Дальневосточный;Саха /Якутия/ Респ;fdb008ca-3f90-478f-988f-8ec51fc5cc26
Лермонтов;Северо-Кавказский;Ставропольский край;3808db7f-f793-40d0-ad74-691c158bc2de
Лесной;Уральский;Свердловская обл;26c6f82c-8503-4c38-9009-52815c8f4a9b
Лесозаводск;Дальневосточный;Приморский край;71b4cdae-5e53-4406-a418-1e8b5c17dc2e
Лесосибирск;Сибирский;Красноярский край;2ddd48d6-e95b-4972-a34e-8586ed507763
Ливны;Центральный;Орловская обл;aef2c735-2e21-42e5-8638-9667bade6a2b
Ликино-Дулёво;Центральный;Московская обл;4ae832d1-e532-45a2-b8a7-8f29aa0149e9
Липецк;Центральный;Липецкая обл;eacb5f15-1a2e-432e-904a-ca56bd635f1b
Липки;Центральный;Тульская обл;ff4e0e65-f17d-4ba6-832d-d1bd12859e00
Лиски;Центральный;Воронежская обл;e0a82358-88c2-44ab-b402-c450e1aa52a8
Лихославль;Центральный;Тверская обл;65ff289f-75f8-4a63-8d7a-7126496de247
Лобня;Центральный;Московская обл;67c493d4-d141-407e-868b-dafc289503f3
Лодейное Поле;Северо-Западный;Ленинградская обл;5f52edf9-92aa-4e69-9314-e629c45ec1d5
Лосино-Петровский;Центральный;Московская обл;96c869d9-51a8-4db6-8011-9fc459c9a78c
Луга;Северо-Западный;Ленинградская обл;d9135f5d-627e-441d-b208-9087ee0367dd
Луза;Приволжский;Кировская обл;9e22dc47-e0df-407b-8448-39ca682e3fd6
Лукоянов;Приволжский;Нижегородская обл;edc07c38-090b-4990-9484-af85752c484f
Луховицы;Центральный;Московская обл;7c6d9ebf-8b6a-4435-a174-eb8018f7c598
Лысково;Приволжский;Нижегородская обл;978c4d8c-f724-43b1-aa95-0c1fc49dc6b7
Лысьва;Приволжский;Пермский край;5d7c95a5-a4d7-4fb4-9774-93e527636a9e
Лыткарино;Центральный;Московская обл;bba16a72-09e1-4f3f-93af-df5ecab6714b
Льгов;Центральный;Курская обл;6fe805e1-1dde-42cd-821e-173ffe50885d
Любань;Северо-Западный;Ленинградская обл;cda96dc0-75b2-411b-b995-16cc63fcfa05
Люберцы;Центральный;Московская обл;427b4e19-f221-4abc-8904-81f7409c1ce3
Любим;Центральный;Ярославская обл;f81f98ae-4e55-4fc3-8968-6ac6f1118c69
Людиново;Центральный;Калужская обл;e6b8a826-768f-4745-889b-e774c1520c5f
Лянтор;Уральский;Ханты-Мансийский Автономный округ - Югра АО;e7e90d82-aecc-4e9c-a373-3a7afcd5fed3
Магадан;Дальневосточный;Магаданская обл;cb8ae35a-93df-4133-b377-50f3698c8b5e
Магас;Северо-Кавказский;Ингушетия Респ;c801edb4-aba2-4e1d-9ab2-69fcbf0aeb9c
Магнитогорск;Уральский;Челябинская обл;988157bf-d6d5-4c2a-80ec-4ad531eea056
Майкоп;Южный;Адыгея Респ;8cfbe842-e803-49ca-9347-1ef90481dd98
Майский;Северо-Кавказский;Кабардино-Балкарская Респ;e9f48c52-6cc4-47d9-ba6d-e7b12e8e0871
Макаров;Дальневосточный;Сахалинская обл;eeb17cd3-ea24-4d58-bd46-ad6c333d3de7
Макарьев;Центральный;Костромская обл;dda6ff96-ff7e-4ea0-a9eb-6bfefe3b1ec8
Макушино;Уральский;Курганская обл;fe024a51-2da6-4ce6-b727-493a829741ad
Малая Вишера;Северо-Западный;Новгородская обл;58fbfb62-6e1e-402d-8c8d-c8ec722f4a5a
Малгобек;Северо-Кавказский;Ингушетия Респ;5c318987-0763-4822-9c57-0d55e40fb9d7
Малмыж;Приволжский;Кировская обл;2193594d-ddaf-42b6-9dfe-95cda00ba520
Малоархангельск;Центральный;Орловская обл;2afa3f40-891a-4640-a1cf-af9a5a6d1eb7
Малоярославец;Центральный;Калужская обл;72cb3a9a-0180-4619-ac08-07e762e58e6f
Мамадыш;Приволжский;Татарстан Респ;1d9bbe0d-7086-4fd0-b91c-ed6d196cb818
Мамоново;Северо-Западный;Калининградская обл;2942ef2d-01b0-4137-8f46-5228e9eedd7f
Мантурово;Центральный;Костромская обл;b045e8f1-b705-4211-862a-101df62b4feb
Мариинск;Сибирский;Кемеровская область - Кузбасс обл;34a2e393-69d3-4258-8daf-a6290a14b06e
Мариинский Посад;Приволжский;Чувашская Республика Чувашия;a3514c10-c53a-4c6a-a945-c1a9b7bc6d31
Маркс;Приволжский;Саратовская обл;c1a0ca30-8b42-4cc8-a16d-2d3392937621
Махачкала;Северо-Кавказский;Дагестан Респ;727cdf1e-1b70-4e07-8995-9bf7ca9abefb
Мглин;Центральный;Брянская обл;a4162075-13cb-4f4a-9974-ef042c8be149
Мегион;Уральский;Ханты-Мансийский Автономный округ - Югра АО;d9c157ca-fd05-4efc-ae0c-16927612a0c8
Медвежьегорск;Северо-Западный;Карелия Респ;fec511c3-62fc-4093-95bd-89f05b26afa6
Медногорск;Приволжский;Оренбургская обл;86204c33-b552-4ebd-a93a-9dc8b274ee9c
Медынь;Центральный;Калужская обл;df03aec4-0859-4f40-9f51-90b2ed2f83ef
Межгорье;Приволжский;Башкортостан Респ;5fd3a551-8553-4571-bfc8-2bfb211686f5
Междуреченск;Сибирский;Кемеровская область - Кузбасс обл;c6a7e590-04b4-4a01-85fc-b61b63711bba
Мезень;Северо-Западный;Архангельская обл;8a49f67f-6c48-4160-bd1d-ebc188a69269
Меленки;Центральный;Владимирская обл;710f2d29-5c22-4d4d-be27-04713381c676
Мелеуз;Приволжский;Башкортостан Респ;c516337d-f590-439b-83ad-6f15a9325740
Менделеевск;Приволжский;Татарстан Респ;e23b4fcb-782b-4d5c-b962-94fd6018fef6
Мензелинск;Приволжский;Татарстан Респ;d1d11ebe-b022-44aa-a211-3472483a4974
Мещовск;Центральный;Калужская обл;9b4890ea-75d9-4464-96f1-077c8a9c7e34
Миасс;Уральский;Челябинская обл;f2976e80-32e1-4284-8eda-06cf19239cd1
Микунь;Северо-Западный;Коми Респ;2144ca72-ea8d-4ad6-90bc-e8443944087a
Миллерово;Южный;Ростовская обл;ac927a82-e1dc-4485-b0e0-59f019b8f295
Минеральные Воды;Северо-Кавказский;Ставропольский край;0be84f75-bbb5-4471-9d0c-dfa932f5df7d
Минусинск;Сибирский;Красноярский край;5cfaf0c0-8f59-4321-9a5b-4b1c51b3779f
Миньяр;Уральский;Челябинская обл;855ef067-23aa-425a-aa9b-cadbfb1f9fff
Мирный;Северо-Западный;Архангельская обл;977c7606-1b37-4424-84f7-b0c66c3e4b94
Мирный;Дальневосточный;Саха /Якутия/ Респ;62d403af-d460-4e79-a90b-8b6a351af3b1
Михайлов;Центральный;Рязанская обл;8afcc513-bb8b-45a9-ac0d-ce8cb43b4c60
Михайловка;Южный;Волгоградская обл;f02dbf6d-57ad-49bc-8011-603bf7126bb5
Михайловск;Уральский;Свердловская обл;177c10d7-f36f-449e-a94b-5f7f45a0dbc8
Михайловск;Северо-Кавказский;Ставропольский край;51007e5c-e430-4f18-912c-f88c7e73698d
Мичуринск;Центральный;Тамбовская обл;9bacca6d-4ed5-4fae-a76d-d281ce884d04
Могоча;Дальневосточный;Забайкальский край;29eb6b99-27ad-493c-9fd1-a83fe8acdf24
Можайск;Центральный;Московская обл;4f86a11c-4258-4859-a227-a79c9ef400ff
Можга;Приволжский;Удмуртская Респ;7096d8a5-2b41-47b1-95ae-35efcbc07dee
Моздок;Северо-Кавказский;Северная Осетия - Алания Респ;654ce513-3c99-414d-88b8-846097cc9ae3
Мончегорск;Северо-Западный;Мурманская обл;177e037d-a06d-4f8a-9333-fd534dd34c5d
Морозовск;Южный;Ростовская обл;933cca52-9ab1-490e-b674-ec3789233e28
Моршанск;Центральный;Тамбовская обл;88bf324d-7303-45c3-ba7f-695f2528490b
Мосальск;Центральный;Калужская обл;4ae6d306-349e-4fb8-9ce9-7c3735d3c4e6
Москва;Центральный;Москва город;ec44c0ee-bf24-41c8-9e1c-76136ab05cbf
Муравленко;Уральский;Ямало-Ненецкий АО;9d4ebe8d-29d8-4ddc-882d-75a5c5aec652
Мураши;Приволжский;Кировская обл;20b2bc28-9404-4c1d-9e50-783338c1ea3c
Мурино;Северо-Западный;Ленинградская обл;d73506c5-015c-4c39-929a-696ea8144e16
Мурманск;Северо-Западный;Мурманская обл;b7127184-ead6-422b-b7cf-4fc7725b47a5
Муром;Центральный;Владимирская обл;0d7d5d87-f0a6-428f-b655-d3be106c64a2
Мценск;Центральный;Орловская обл;76f2780b-0f1c-4818-98a4-13da5c8a2c80
Мыски;Сибирский;Кемеровская область - Кузбасс обл;070a8e7b-038f-48c8-9eed-16a6c03ab899
Мытищи;Центральный;Московская обл;5f290be7-14ff-4ccd-8bc8-2871a9ca9d5f
Мышкин;Центральный;Ярославская обл;e5b1d3f2-b34d-48f7-8b23-1109114de8aa
Набережные Челны;Приволжский;Татарстан Респ;748d7afa-7407-4876-9f40-764ecdd09bbd
Навашино;Приволжский;Нижегородская обл;87f58ce7-8bad-4b33-9654-907bbd18d36a
Наволоки;Центральный;Ивановская обл;36d31ef0-a525-4be4-a6e9-28ced781dfae
Надым;Уральский;Ямало-Ненецкий АО;24a3f6a2-5994-4ede-90d4-dc7fe64418b8
Назарово;Сибирский;Красноярский край;ab0a1754-5ba1-48bb-8960-475c7fbc9feb
Назрань;Северо-Кавказский;Ингушетия Респ;815566a1-04ea-44a9-b34b-25b70ac9aa9a
Называевск;Сибирский;Омская обл;db2e2372-fed9-426b-a861-e64e2201f225
Нальчик;Северо-Кавказский;Кабардино-Балкарская Респ;913a82e3-b671-43d5-97b4-8a08b8ee2d28
Нариманов;Южный;Астраханская обл;46ce55dd-e3e2-4c31-ab3c-273423c2f782
Наро-Фоминск;Центральный;Московская обл;08c78435-6ed8-4d7f-a7ed-3f73e2fa6359
Нарткала;Северо-Кавказский;Кабардино-Балкарская Респ;cb0f531d-4831-41c0-a859-3ad1f2e0f70b
Нарьян-Мар;Северо-Западный;Ненецкий АО;b0122c31-eb1c-40ae-b998-08f9e99a0fa1
Находка;Дальневосточный;Приморский край;225a3506-35aa-4456-8bd7-244bdfbc4eaf
Невель;Северо-Западный;Псковская обл;6570fdb6-7602-477e-a783-f186456dabfe
Невельск;Дальневосточный;Сахалинская обл;2bdeaf4a-cbcc-497f-b558-3efc68434d76
Невинномысск;Северо-Кавказский;Ставропольский край;ff894fb7-acb4-4edf-bb48-c5349d89579b
Невьянск;Уральский;Свердловская обл;aedb1d40-4877-49c6-8bcb-e2ec6b6cb410
Нелидово;Центральный;Тверская обл;a38751f3-98fe-4d8d-b9bc-2a4705b887ec
Неман;Северо-Западный;Калининградская обл;180fcdbd-95b4-41f5-90f5-cbe9b9c83da7
Нерехта;Центральный;Костромская обл;d8fcde72-38b9-4032-9670-fa496983e62f
Нерчинск;Дальневосточный;Забайкальский край;ba325548-ac92-4a21-904b-bb535e5fe249
Нерюнгри;Дальневосточный;Саха /Якутия/ Респ;6ece5c38-f802-4f32-ad33-0409538c3562
Нестеров;Северо-Западный;Калининградская обл;4fb71afc-f221-454e-9edf-d6fd9ee07418
Нефтегорск;Приволжский;Самарская обл;43406101-21a4-4a07-ac5a-0a686f9e8d1c
Нефтекамск;Приволжский;Башкортостан Респ;2c9997d2-ce94-431a-96c9-722d2238d5c8
Нефтекумск;Северо-Кавказский;Ставропольский край;47a5b97a-5cc1-4fa4-893f-0041590dd823
Нефтеюганск;Уральский;Ханты-Мансийский Автономный округ - Югра АО;45906532-143b-48c2-9af3-f480dc19c7bf
Нижневартовск;Уральский;Ханты-Мансийский Автономный округ - Югра АО;0bf0f4ed-13f8-446e-82f6-325498808076
Нижнекамск;Приволжский;Татарстан Респ;6b849aa8-0782-4c26-b7ac-a0f413f306c0
Нижнеудинск;Сибирский;Иркутская обл;5d596a21-da89-4820-91ef-6ce3940a0c9f
Нижние Серги;Уральский;Свердловская обл;9f066e0f-7799-4eb9-a301-ef12719d7c03
Нижний Ломов;Приволжский;Пензенская обл;f852d3a4-5d39-4a1b-be4a-f20ca9c4e60c
Нижний Новгород;Приволжский;Нижегородская обл;555e7d61-d9a7-4ba6-9770-6caa8198c483
Нижний Тагил;Уральский;Свердловская обл;cc73d6af-6e2e-4a1f-be8e-682c289b0b57
Нижняя Салда;Уральский;Свердловская обл;b4326e03-bab5-4188-a8c1-97d69858c514
Нижняя Тура;Уральский;Свердловская обл;5591594f-f2a4-49b0-a3bc-22307f192c4e
Николаевск;Южный;Волгоградская обл;8680a7a3-5c93-4c0d-ae64-d828306b2310
Николаевск-на-Амуре;Дальневосточный;Хабаровский край;7a58fb7c-6d03-46e4-b5fc-3f5b587c09be
Никольск;Северо-Западный;Вологодская обл;9b602724-8b73-4979-ae01-3ba8a22c93f2
Никольск;Приволжский;Пензенская обл;6e26041a-db1c-4f41-93f1-f056ab0b70ef
Никольское;Северо-Западный;Ленинградская обл;43cb88de-fa89-4027-b3ef-84deb2d32ce5
Новая Ладога;Северо-Западный;Ленинградская обл;2145f2cb-3ec2-4c1d-bd52-f84b2858c6a9
Новая Ляля;Уральский;Свердловская обл;afff2611-ca9b-4e0e-9690-f5d13b7a7535
Новоалександровск;Северо-Кавказский;Ставропольский край;a0194045-d9a6-4593-9502-133cae983a3f
Новоалтайск;Сибирский;Алтайский край;aa288d9f-4b2a-42a6-97f0-3502dddfa383
Новоаннинский;Южный;Волгоградская обл;254f7c3a-fc21-4405-8779-eee0a7a5c63f
Нововоронеж;Центральный;Воронежская обл;c7cdacb9-6a1e-4402-8bc6-6ec36a42d05c
Новодвинск;Северо-Западный;Архангельская обл;3b0ef6c2-9bcd-44a5-afec-2723bd8190bc
Новозыбков;Центральный;Брянская обл;cf4dd9d7-d152-4140-bed2-59d8be5a4e2c
Новокубанск;Южный;Краснодарский край;38dd5f45-0a56-4554-93d8-3edfcdf000dd
Новокузнецк;Сибирский;Кемеровская область - Кузбасс обл;b28b6f6f-1435-444e-95a6-68c499b0d27a
Новокуйбышевск;Приволжский;Самарская обл;cda74a83-ae08-4ba2-b01c-c6fc373222cb
Новомичуринск;Центральный;Рязанская обл;dc0c31cd-e03e-4fc3-a714-1c9f4b61cc7e
Новомосковск;Центральный;Тульская обл;0b6e326e-74ca-4e24-93d4-2c385c292bb5
Новопавловск;Северо-Кавказский;Ставропольский край;d72c4e6c-59e6-4c02-9372-61f980f79cbd
Новоржев;Северо-Западный;Псковская обл;236c48ca-48c9-471f-8891-0b73ea89bc2b
Новороссийск;Южный;Краснодарский край;16ac039a-5257-4715-a8c5-d6bd9e617b53
Новосибирск;Сибирский;Новосибирская обл;8dea00e3-9aab-4d8e-887c-ef2aaa546456
Новосиль;Центральный;Орловская обл;5f17239d-7e83-4e7d-afcd-b94e451465c9
Новосокольники;Северо-Западный;Псковская обл;af8fb4a0-5d4e-4e0e-94fc-20021da2f67a
Новотроицк;Приволжский;Оренбургская обл;5cb431ac-6645-47b2-9716-5fccc9ec1d7f
Новоузенск;Приволжский;Саратовская обл;2d06120f-ba70-4866-b46e-ec2bad9c4f42
Новоульяновск;Приволжский;Ульяновская обл;c21a50ef-de67-477c-887b-a1202730ee8e
Новоуральск;Уральский;Свердловская обл;22fbcef5-5cab-4ef2-9cb5-fddd1479bc8e
Новохоперск;Центральный;Воронежская обл;43fe280f-6fa3-4a06-8daf-94586e2bea44
Новочебоксарск;Приволжский;Чувашская Республика Чувашия;32599307-3fe7-4cf4-8fee-640044422d68
Новочеркасск;Южный;Ростовская обл;28bafcb3-92b2-445b-9443-a341be73fdb9
Новошахтинск;Южный;Ростовская обл;bce1a4f2-7576-4427-8bd8-8d8b4e35ad11
Новый Оскол;Центральный;Белгородская обл;f565b329-4041-4fd2-aa0a-debd5f7c3857
Новый Уренгой;Уральский;Ямало-Ненецкий АО;4136d0c1-3ff7-44c0-aa30-fa2e7eb96ef7
Ногинск;Центральный;Московская обл;40ae04e3-9a69-44ea-8bd7-6c6f08e1a4ca
Нолинск;Приволжский;Кировская обл;03e15a08-649a-44f9-93fb-0be35ce2fb5f
Норильск;Сибирский;Красноярский край;d301a980-4a45-4066-9a20-4e783856a562
Ноябрьск;Уральский;Ямало-Ненецкий АО;131c6e49-9bc5-484d-b65a-ee7f5d250418
Нурлат;Приволжский;Татарстан Респ;1f708d3c-4d86-4ab7-afdf-5741fe661744
Нытва;Приволжский;Пермский край;a49957ba-7860-484f-bf7a-abbbe1d76bab
Нюрба;Дальневосточный;Саха /Якутия/ Респ;5749064c-e95a-4a2c-a274-9aba7b066003
Нягань;Уральский;Ханты-Мансийский Автономный округ - Югра АО;06157075-a993-404d-b940-0a103131dc66
Нязепетровск;Уральский;Челябинская обл;e42b53fb-fed8-4ee7-94f3-6190e179d249
Няндома;Северо-Западный;Архангельская обл;491b0861-0da5-4781-9c2c-521df0ea7af6
Облучье;Дальневосточный;Еврейская Аобл;b60c1e9f-9355-47ef-b5a3-82906d074bd4
Обнинск;Центральный;Калужская обл;05a647ff-b859-4c93-8c8e-3590110a0085
Обоянь;Центральный;Курская обл;60d797fd-62b0-4705-9f5b-aa0a67c5c749
Обь;Сибирский;Новосибирская обл;8571e389-8c43-4c36-afae-b532d078c928
Одинцово;Центральный;Московская обл;6ae8ad9e-aa6c-4849-92d8-8e637059c9b0
Озерск;Северо-Западный;Калининградская обл;19620317-39e8-4a09-af7e-67b136ef61fe
Озерск;Уральский;Челябинская обл;8192c863-edbf-4825-8523-0612ae80e5a7
Озёры;Центральный;Московская обл;e778b800-b432-4150-82fd-d415911fb700
Октябрьск;Приволжский;Самарская обл;b9a43610-5c01-4ba8-8de7-95facc7e460d
Октябрьский;Приволжский;Башкортостан Респ;abd1bc35-ec51-437a-abee-76a4f620f662
Окуловка;Северо-Западный;Новгородская обл;b9e66b8f-b027-4e77-8466-55ba3be0b42b
Олекминск;Дальневосточный;Саха /Якутия/ Респ;c3aba7f3-caf7-443f-a906-8d79e6ec37f6
Оленегорск;Северо-Западный;Мурманская обл;c5fe1817-5163-4e3b-b06a-36d322c6bf57
Олонец;Северо-Западный;Карелия Респ;38568ddc-20b7-409f-aa76-024b3b02c637
Омск;Сибирский;Омская обл;140e31da-27bf-4519-9ea0-6185d681d44e
Омутнинск;Приволжский;Кировская обл;9039bbb5-93a8-4172-b97c-af2b9abbb614
Онега;Северо-Западный;Архангельская обл;53e6ddd5-a1fb-4444-89a4-3952ef6f114b
Опочка;Северо-Западный;Псковская обл;59c2f176-3b63-4086-bc6c-efa246c64a1e
Орёл;Центральный;Орловская обл;2abed4d9-5565-4885-bc96-f4ffccc6cba4
Оренбург;Приволжский;Оренбургская обл;dce97bff-deb2-4fd9-9aec-4f4327bbf89b
Орехово-Зуево;Центральный;Московская обл;0f2f2d09-8e7a-4356-bd4d-0b055d802e7b
Орлов;Приволжский;Кировская обл;0302ec51-eea9-4343-9248-ce4878ca465e
Орск;Приволжский;Оренбургская обл;71e7cb45-f365-4e6b-b068-a7d35349c3ba
Оса;Приволжский;Пермский край;18e7b084-c83f-40bf-9378-d26628528a19
Осинники;Сибирский;Кемеровская область - Кузбасс обл;1efff7c4-448a-48c5-b476-c803b4d36842
Осташков;Центральный;Тверская обл;bfe4c46e-0487-48ba-aea3-be0d909fca67
Остров;Северо-Западный;Псковская обл;67d379ab-16ac-40d0-95c0-f5f1cbeb578d
Островной;Северо-Западный;Мурманская обл;0a358e8a-d3c4-45e5-b9fc-126092afd6f5
Острогожск;Центральный;Воронежская обл;8434550d-dd9b-4bc7-8e5b-d43a991753e2
Отрадное;Северо-Западный;Ленинградская обл;c4602384-ff62-4e0f-bf4b-06a5c653702b
Отрадный;Приволжский;Самарская обл;05edd5aa-ab64-4afa-b56c-fd5661a14129
Оха;Дальневосточный;Сахалинская обл;273e561f-aa3b-4057-9225-862563c93287
Оханск;Приволжский;Пермский край;48159476-c6db-4258-a0bc-f8ee52e7aef6
Очер;Приволжский;Пермский край;6a9b1a8a-5da1-470c-a03a-ecbb3cee0ee9
Павлово;Приволжский;Нижегородская обл;169a49f5-e0ed-44ae-83f8-653e44685e15
Павловск;Центральный;Воронежская обл;f4a89d85-b770-4d58-b205-31165a9958b8
Павловский Посад;Центральный;Московская обл;bb464d94-30bf-4cf8-a320-905733fa67e2
Палласовка;Южный;Волгоградская обл;e6891ad3-e99a-48fa-93e5-805da20e849c
Партизанск;Дальневосточный;Приморский край;b62edf86-4257-4e80-ade6-857529bd1b1e
Певек;Дальневосточный;Чукотский АО;e8a6aabb-9ea3-4862-9bf7-4b35460e98a4
Пенза;Приволжский;Пензенская обл;ff3292b1-a1d2-47d4-b35b-ac06b50555cc
Первомайск;Приволжский;Нижегородская обл;a72a0367-92a4-4ec3-9aa2-2397039a3d70
Первоуральск;Уральский;Свердловская обл;45bad628-61b7-4445-b62a-fa4c7bc71ccd
Перевоз;Приволжский;Нижегородская обл;e3ff7ef2-92b6-4ab7-b2ff-4d58cab73dbc
Пересвет;Центральный;Московская обл;ea80b93f-7a37-455e-a42c-33f13ab8bc06
Переславль-Залесский;Центральный;Ярославская обл;f147ed70-422e-40d0-9088-810f7b57ed59
Пермь;Приволжский;Пермский край;a309e4ce-2f36-4106-b1ca-53e0f48a6d95
Пестово;Северо-Западный;Новгородская обл;4ad123c8-0130-4432-9d6c-e64946f2d647
Петров Вал;Южный;Волгоградская обл;02324444-36d6-4af8-a9af-15b77576adea
Петровск;Приволжский;Саратовская обл;b5d97e65-e496-44d0-b025-398a8d43514a
Петровск-Забайкальский;Дальневосточный;Забайкальский край;b26bb2c1-f79b-4c97-9d2d-e73790cfe622
Петрозаводск;Северо-Западный;Карелия Респ;ccc34487-8fd4-4e71-b032-f4e6c82fb354
Петропавловск-Камчатский;Дальневосточный;Камчатский край;0b3f0723-5fe0-4c23-af44-8082166c6d2e
Петухово;Уральский;Курганская обл;a476869f-895d-4764-8c88-c406a092f124
Петушки;Центральный;Владимирская обл;b7ba6bfc-4b0c-4b05-88bd-267d50b36850
Печора;Северо-Западный;Коми Респ;e0ba898b-b813-4293-b817-510d586afd6e
Печоры;Северо-Западный;Псковская обл;8cb44bcc-4e46-409a-972a-b99a59fcc7e9
Пикалево;Северо-Западный;Ленинградская обл;0a243487-acce-4775-979a-5a08e8c62da6
Пионерский;Северо-Западный;Калининградская обл;9fee1c1b-9d14-42ea-8ff9-2e903501d43d
Питкяранта;Северо-Западный;Карелия Респ;284264da-5fb5-4301-b36a-1127d751329d
Плавск;Центральный;Тульская обл;3381114c-df5f-4966-8e74-b2e63d1e71bb
Пласт;Уральский;Челябинская обл;4828bba2-6758-4e7b-a7ef-ff07f83e9563
Плес;Центральный;Ивановская обл;8bb29a7a-de9c-4c21-ad15-3af39f0a41fa
Поворино;Центральный;Воронежская обл;9cb55edf-0fb2-46af-8f00-02b15c2f1644
Подольск;Центральный;Московская обл;b22cf685-e391-42c8-aab5-a9aadb9193d4
Подпорожье;Северо-Западный;Ленинградская обл;6d13b512-6d25-413a-ab29-3d9ade960f3a
Покачи;Уральский;Ханты-Мансийский Автономный округ - Югра АО;8bac4b94-1d16-42b5-b5c6-211aa52f3216
Покров;Центральный;Владимирская обл;f1c2252b-c3da-43f4-86ea-5f05812e99d5
Покровск;Дальневосточный;Саха /Якутия/ Респ;fbe75414-a226-41f0-916b-de889d2c84c8
Полевской;Уральский;Свердловская обл;2a3b4b10-7035-4af5-9bbd-409c42b51eb7
Полесск;Северо-Западный;Калининградская обл;27fd5628-fbd7-4641-abed-b213af6029b8
Полысаево;Сибирский;Кемеровская область - Кузбасс обл;34ac1b24-f541-4279-abfb-466f80ed1f7b
Полярные Зори;Северо-Западный;Мурманская обл;d70b2917-8cea-4555-a9fe-6d2c72d8d9cc
Полярный;Северо-Западный;Мурманская обл;a4ae6202-6ec6-4bc6-abc5-4ecd6ca96d53
Поронайск;Дальневосточный;Сахалинская обл;10e40296-e5b1-4688-83d5-838eac25ae72
Порхов;Северо-Западный;Псковская обл;c02d55c3-2086-400f-81b7-f1f540f31a87
Похвистнево;Приволжский;Самарская обл;ddb9cec8-ee07-4788-b80d-39535aea78f9
Почеп;Центральный;Брянская обл;434c6101-648e-4266-8aca-bbbc80856d7a
Починок;Центральный;Смоленская обл;323e5d97-d4d9-49b3-91ad-335b165a052a
Пошехонье;Центральный;Ярославская обл;d1bfddc3-1c78-40af-aeb0-c724ed7a9b4f
Правдинск;Северо-Западный;Калининградская обл;2b3f4c49-0e5b-44c8-bf56-a335eb551c23
Приволжск;Центральный;Ивановская обл;43706edd-5cf4-4400-8e60-03ea3660c25f
Приморск;Северо-Западный;Калининградская обл;5f19f5f2-55b1-4796-9610-8a73eeefcaf1
Приморск;Северо-Западный;Ленинградская обл;878aa7cc-76f0-42c8-90f5-3489f43c169c
Приморско-Ахтарск;Южный;Краснодарский край;d9efcf77-c371-434d-a41e-f20e3b4c83c0
Приозерск;Северо-Западный;Ленинградская обл;59a9c284-72fb-49e6-8380-10ca044d0bd7
Прокопьевск;Сибирский;Кемеровская область - Кузбасс обл;2d8b9d01-1c4f-4987-8a0b-1eb5080c1f38
Пролетарск;Южный;Ростовская обл;efa48912-9bcc-42ac-959d-289e9a75b046
Протвино;Центральный;Московская обл;9990bc45-c7c1-407e-bdd2-5526e4f742d2
Прохладный;Северо-Кавказский;Кабардино-Балкарская Респ;22973a33-7a1c-449d-9535-def88bd91ed3
Псков;Северо-Западный;Псковская обл;2858811e-448a-482e-9863-e03bf06bb5d4
Пугачев;Приволжский;Саратовская обл;c1d4d969-0083-4b04-9f4b-e9eaeaefbd6f
Пудож;Северо-Западный;Карелия Респ;ed96ee68-5ea9-4ebd-950a-2bbbd545b78e
Пустошка;Северо-Западный;Псковская обл;28a7a368-16ab-4ffc-9b3e-4a4c3e16bf74
Пучеж;Центральный;Ивановская обл;a85feb12-89e9-441d-956a-8510493cdc8d
Пушкино;Центральный;Московская обл;7f22cfa4-34fa-4fa0-bcb0-620cd8402cfa
Пущино;Центральный;Московская обл;49579edb-77cd-4967-9ef2-5530c4076067
Пыталово;Северо-Западный;Псковская обл;8cfcdc08-f726-4aff-abfa-b20199b32172
Пыть-Ях;Уральский;Ханты-Мансийский Автономный округ - Югра АО;130857a0-7059-4f18-9a13-c17ef6c4f9ca
Пятигорск;Северо-Кавказский;Ставропольский край;9b0efbd0-22bb-400d-86db-ddc69b9939d9
Радужный;Центральный;Владимирская обл;c0ac6992-e48e-4648-b176-f56e7bcda57b
Радужный;Уральский;Ханты-Мансийский Автономный округ - Югра АО;394a840f-9502-406f-a8be-3a2aa9e8f075
Райчихинск;Дальневосточный;Амурская обл;981b5f3a-f0b6-444f-a6fb-c2bc10804b31
Раменское;Центральный;Московская обл;a54506e0-5641-4d8c-b543-7bcce2c9887f
Рассказово;Центральный;Тамбовская обл;f3d1ea5a-4478-4589-bec0-47c558577739
Ревда;Уральский;Свердловская обл;b1a4b393-ac99-4447-a11d-c3b454fa3d8e
Реж;Уральский;Свердловская обл;e40dd081-584b-435c-b8ed-d44ab7854729
Реутов;Центральный;Московская обл;e0504cf6-4d81-401c-b18b-434457aaaa21
Ржев;Центральный;Тверская обл;2553804d-14b9-4f5b-8bd0-25c0fc7315ae
Родники;Центральный;Ивановская обл;90328f6e-d961-48ba-ab03-366d93df3c07
Рославль;Центральный;Смоленская обл;2cbbc92b-0657-4d26-addb-0b2ebaf0c397
Россошь;Центральный;Воронежская обл;1ed74fcf-2dd0-460a-99b9-029ca382517d
Ростов;Центральный;Ярославская обл;ab242d02-4d6c-4a1a-a9ce-ed9db691fc31
Ростов-на-Дону;Южный;Ростовская обл;c1cfe4b9-f7c2-423c-abfa-6ed1c05a15c5
Рошаль;Центральный;Московская обл;377ca4f0-3268-42b4-bf68-af98c3682503
Ртищево;Приволжский;Саратовская обл;d08bbea8-4fa3-4597-87ae-0bd79b4a89d2
Рубцовск;Сибирский;Алтайский край;65db5c88-c65c-43f0-9c21-13e15a032d4a
Рудня;Центральный;Смоленская обл;d0f2d596-2e23-4072-b6c2-7adbb6c77d4b
Руза;Центральный;Московская обл;9e6c2327-d7ee-49b1-b36c-0bfc0eb5f145
Рузаевка;Приволжский;Мордовия Респ;a35889dd-6958-4d3e-8a65-3f628b9179ed
Рыбинск;Центральный;Ярославская обл;292c0a6a-47ce-435d-8a75-f80e9ce67fba
Рыбное;Центральный;Рязанская обл;91d71d8c-2f1a-43c8-bc84-d78dc4245a1b
Рыльск;Центральный;Курская обл;fa2b3c62-6e92-4155-a981-d19ea4999342
Ряжск;Центральный;Рязанская обл;5fdbcd60-a39f-4e15-94ea-ea2c7faba0ce
Рязань;Центральный;Рязанская обл;86e5bae4-ef58-4031-b34f-5e9ff914cd55
Саки;Южный;Крым Респ;afb681bd-4264-40ce-a676-cab8b33c7ca0
Салават;Приволжский;Башкортостан Респ;fc14353f-5a1d-4f22-94ea-b900bad9a9f1
Салаир;Сибирский;Кемеровская область - Кузбасс обл;e7459805-4536-4037-9113-4b9b53893807
Салехард;Уральский;Ямало-Ненецкий АО;0c1b7f05-9fd9-4ec9-a2cc-5ee2799be1e6
Сальск;Южный;Ростовская обл;971ba684-f38b-4229-ba72-0d6fe8e179c4
Самара;Приволжский;Самарская обл;bb035cc3-1dc2-4627-9d25-a1bf2d4b936b
Санкт-Петербург;Северо-Западный;Санкт-Петербург город;c2deb16a-0330-4f05-821f-1d09c93331e6
Саранск;Приволжский;Мордовия Респ;1ccfdc3c-be0f-4e42-ab4d-98f90de972d9
Сарапул;Приволжский;Удмуртская Респ;e69a280f-9064-490e-bae0-8bd39527872f
Саратов;Приволжский;Саратовская обл;bf465fda-7834-47d5-986b-ccdb584a85a6
Саров;Приволжский;Нижегородская обл;be0210d1-1b58-49c1-8304-eb5ff5618fad
Сасово;Центральный;Рязанская обл;23c99789-de53-408e-b38d-09c5539cce2f
Сатка;Уральский;Челябинская обл;8bcc16d4-ead7-4938-944c-862c7e6c67aa
Сафоново;Центральный;Смоленская обл;91fa6249-0711-454a-bf0d-341629234858
Саяногорск;Сибирский;Хакасия Респ;f89db729-bbfa-4d64-b8d5-ecafbec0733d
Саянск;Сибирский;Иркутская обл;c21b5e04-ce0f-4f98-b0ac-0ceabc531212
Светлогорск;Северо-Западный;Калининградская обл;19436029-357a-435b-8156-b01fba4ea8a5
Светлоград;Северо-Кавказский;Ставропольский край;019979ae-6056-4ed8-98ef-48bded318dd2
Светлый;Северо-Западный;Калининградская обл;6d379259-b8d5-4cca-9412-1ded0849fd1a
Светогорск;Северо-Западный;Ленинградская обл;d4789972-b71d-4e70-9af8-f4acfcf80c71
Свирск;Сибирский;Иркутская обл;17e498bd-5f9e-4221-8998-5fa24a35ed2e
Свободный;Дальневосточный;Амурская обл;dd560dfa-3feb-48e2-aa3b-b71213e7441e
Себеж;Северо-Западный;Псковская обл;749fbd77-ddae-408b-8ad8-154a0a22306a
Севастополь;Южный;Севастополь город;6fdecb78-893a-4e3f-a5ba-aa062459463b
Северобайкальск;Дальневосточный;Бурятия Респ;c4ea4370-0720-40a3-9df6-dd8ccf354d15
Северодвинск;Северо-Западный;Архангельская обл;32747c72-c08b-4440-b340-91f48d72f9db
Северо-Курильск;Дальневосточный;Сахалинская обл;156ed642-9a53-4830-bec3-88f5e6dedd69
Североморск;Северо-Западный;Мурманская обл;53e652bc-dd1b-44e1-9ab2-401b04cf3ceb
Североуральск;Уральский;Свердловская обл;862dddf0-0479-4ffb-bc2c-ee83d598e855
Северск;Сибирский;Томская обл;53c22352-eb6f-4163-a4d1-385d64561d2f
Севск;Центральный;Брянская обл;263c5f6f-335b-4cfa-a234-3c61488c3729
Сегежа;Северо-Западный;Карелия Респ;4eb67866-2460-40c3-b69f-80889385caa3
Сельцо;Центральный;Брянская обл;485f4c4d-aced-4b94-b975-88e72b7dcb72
Семенов;Приволжский;Нижегородская обл;dacc69b0-38df-462e-b346-26541cb9c0b8
Семикаракорск;Южный;Ростовская обл;29b72146-2e5d-4841-a1c3-ce2c3f47aa35
Семилуки;Центральный;Воронежская обл;15d507b5-f67e-4ee6-9f25-683562699fac
Сенгилей;Приволжский;Ульяновская обл;b9e9ca48-b953-4999-bf0e-608c57c0d0a0
Серафимович;Южный;Волгоградская обл;fb921dd7-0b8e-42a6-a5bb-3d1387f090d0
Сергач;Приволжский;Нижегородская обл;ef4d5a83-c574-48d9-86ec-386f18bec524
Сергиев Посад;Центральный;Московская обл;7baaac39-aa31-4712-893d-51ef80124a86
Сердобск;Приволжский;Пензенская обл;20c2c219-f4a8-4d07-93c9-72bd6766c0b6
Серов;Уральский;Свердловская обл;591f3e74-079f-42ff-a155-f01c9dc363ae
Серпухов;Центральный;Московская обл;efc02a6a-273b-4a49-aef9-a5606ef8591c
Сертолово;Северо-Западный;Ленинградская обл;79b806cd-e36c-48fc-b82c-8cbb5cfd9450
Сибай;Приволжский;Башкортостан Респ;d7825646-76f7-4322-a88c-42cc90cbd2b2
Сим;Уральский;Челябинская обл;b23193d5-43a7-4663-8fba-7ee34ae4db77
Симферополь;Южный;Крым Респ;b9001e55-72ed-43bf-b7eb-41b86a14380e
Сковородино;Дальневосточный;Амурская обл;260c545f-883c-440a-852c-c39a65fe4104
Скопин;Центральный;Рязанская обл;1ab7c980-83c4-46c6-b6bf-fc0d6b64b56a
Славгород;Сибирский;Алтайский край;94ae181d-b153-4dd1-8a2f-12852919875f
Славск;Северо-Западный;Калининградская обл;f731c104-431c-494c-b4e8-f97ccaaf71b9
Славянск-на-Кубани;Южный;Краснодарский край;06e2b3b8-c02c-4722-887f-168236ae5382
Сланцы;Северо-Западный;Ленинградская обл;a7a1a8e5-45b2-4542-b718-0976702ccd90
Слободской;Приволжский;Кировская обл;8effba3d-4f82-45f6-938a-f1eac4405623
Слюдянка;Сибирский;Иркутская обл;31802bef-b635-49b2-866d-1d1006e3081e
Смоленск;Центральный;Смоленская обл;d414a2e8-9e1e-48c1-94a4-7308d5608177
Снежинск;Уральский;Челябинская обл;08aad8a8-0067-4161-8389-b75d1da72866
Снежногорск;Северо-Западный;Мурманская обл;22e4a0a6-68a6-47bc-a08c-11610ec6231a
Собинка;Центральный;Владимирская обл;d33946c4-bda9-43a5-b5c4-1157ae28149a
Советск;Северо-Западный;Калининградская обл;e401208f-3469-403f-910b-bba057cf70b2
Советск;Приволжский;Кировская обл;2fa0734f-2b29-49d5-862f-29f15d88a402
Советск;Центральный;Тульская обл;20bde9d4-4295-417f-beba-6210f2e6b5d9
Советская Гавань;Дальневосточный;Хабаровский край;64f0ebe7-00e4-40a0-9dd9-15f9293632ae
Советский;Уральский;Ханты-Мансийский Автономный округ - Югра АО;b2487322-b3b1-48fc-a462-cf06c36fac91
Сокол;Северо-Западный;Вологодская обл;500b9e8f-79cc-4c35-b497-110f550d6615
Солигалич;Центральный;Костромская обл;35df6629-3c19-4285-8a6c-559750ec36ae
Соликамск;Приволжский;Пермский край;8b698775-fe5e-4fc0-9f0d-272855d82d15
Солнечногорск;Центральный;Московская обл;d4dadcfd-355d-4fe9-963d-48ad122a7778
Сольвычегодск;Северо-Западный;Архангельская обл;a56a44ee-f79d-4e51-b219-c3c828c7e0c0
Соль-Илецк;Приволжский;Оренбургская обл;d2d93864-f4a5-4ac2-b953-b230cc9d0fa0
Сольцы;Северо-Западный;Новгородская обл;c2f4a34c-80b4-4aea-a45b-d932909cccc0
Сорочинск;Приволжский;Оренбургская обл;1d9296cc-f534-4e81-9e97-c31d3ef9c25a
Сорск;Сибирский;Хакасия Респ;bf626532-9e6c-4365-801e-c1d297ab40f0
Сортавала;Северо-Западный;Карелия Респ;7fa96873-4865-4f14-99e4-78d118cdca8b
Сосенский;Центральный;Калужская обл;44326142-0196-4cec-abcb-79853fe6cfd4
Сосновка;Приволжский;Кировская обл;9e9afbb6-8de5-4765-a69f-2c4dfa498006
Сосновоборск;Сибирский;Красноярский край;a139c8ba-831e-4ee5-87a9-1eead6984288
Сосногорск;Северо-Западный;Коми Респ;9a2569ae-14fb-43bb-b192-a4c29c463c28
Сочи;Южный;Краснодарский край;79da737a-603b-4c19-9b54-9114c96fb912
Спас-Деменск;Центральный;Калужская обл;30745bd5-b803-4327-baf9-006f25353acc
Спас-Клепики;Центральный;Рязанская обл;3d67fdec-69f3-461a-bdbc-7455cb849545
Спасск;Приволжский;Пензенская обл;d005a0db-1deb-4728-a800-1e423fa804df
Спасск-Дальний;Дальневосточный;Приморский край;e55554eb-c571-49d2-bf69-c3c4acf8b10b
Спасск-Рязанский;Центральный;Рязанская обл;94484f92-28a1-4880-a723-0af2f4fce2ca
Среднеколымск;Дальневосточный;Саха /Якутия/ Респ;42bf7165-9170-403c-bf86-ca1c19453e1c
Среднеуральск;Уральский;Свердловская обл;7c470adb-7d3d-42a1-9190-8f3fd05f710d
Сретенск;Дальневосточный;Забайкальский край;f9dd7993-4953-4980-bbcc-2666b94b2a06
Ставрополь;Северо-Кавказский;Ставропольский край;2a1c7bdb-05ea-492f-9e1c-b3999f79dcbc
Старая Купавна;Центральный;Московская обл;d49d936b-188f-4186-b2db-47e4b36682d6
Старая Русса;Северо-Западный;Новгородская обл;bc4e8fbc-54dc-4114-9c48-fd7a9b3e2e5c
Старица;Центральный;Тверская обл;44d646fd-0ad2-49d7-ad37-41aacd6f1aee
Стародуб;Центральный;Брянская обл;78e19000-cb0d-4e86-8205-242ee9de9e75
Старый Крым;Южный;Крым Респ;3f9914af-d6b7-47bb-9787-a12a6cf5d1d2
Старый Оскол;Центральный;Белгородская обл;9f5e86b1-b893-43dc-9dd4-ac66573b17d1
Стерлитамак;Приволжский;Башкортостан Респ;84e0b23d-82fe-40a8-8739-55e679780dc3
Стрежевой;Сибирский;Томская обл;0a0fe1fc-8aab-4ff3-a2a3-971ee4fcd27f
Строитель;Центральный;Белгородская обл;19c9f6de-45cd-4c76-9839-abd571698ced
Струнино;Центральный;Владимирская обл;9f490940-079f-4bf9-9931-48952c1bea4f
Ступино;Центральный;Московская обл;f516f0a9-3882-42fb-ae68-87a433e83e06
Суворов;Центральный;Тульская обл;3e63d801-f22b-4ad2-bca2-29f73b0388dc
Судак;Южный;Крым Респ;9481ba52-663f-4cac-9ba9-67f168016eab
Суджа;Центральный;Курская обл;abd43820-a1d4-4e16-adb4-8532959b6e98
Судогда;Центральный;Владимирская обл;469a6b26-cb42-4db7-8fe7-758b946956c4
Суздаль;Центральный;Владимирская обл;f347f78e-f991-4b0b-bfbd-600ac927b009
Сунжа;Северо-Кавказский;Ингушетия Респ;0effcc07-1b12-4570-9951-23523c06c858
Суоярви;Северо-Западный;Карелия Респ;8a5c4019-f746-4445-8679-cb6740633a78
Сураж;Центральный;Брянская обл;565317d8-daf3-4df1-bf3d-6703b0d1500f
Сургут;Уральский;Ханты-Мансийский Автономный округ - Югра АО;f1eb1809-47d4-4f0b-9a74-fa416e9d3df2
Суровикино;Южный;Волгоградская обл;b5bab4ba-e94f-4178-b6f7-67e01c89bec2
Сурск;Приволжский;Пензенская обл;d8f506c4-a1e4-4524-b997-8651cb6f0af0
Сусуман;Дальневосточный;Магаданская обл;b617d714-cbce-4abe-bf0d-668be5e3d670
Сухиничи;Центральный;Калужская обл;84778f7b-bf8c-45cc-84e1-dfd136368e6a
Сухой Лог;Уральский;Свердловская обл;9e41e6fc-a2a3-4ee4-9f60-045cf22d45d0
Сызрань;Приволжский;Самарская обл;e9e684ce-7d60-4480-ba14-ca6da658188b
Сыктывкар;Северо-Западный;Коми Респ;d2944a73-daf4-4a08-9b34-d9b0af7785a1
Сысерть;Уральский;Свердловская обл;93fdb310-5e08-43ee-aabe-42e39a950928
Сычевка;Центральный;Смоленская обл;b3522b83-3f83-4145-892f-5767415d82d3
Сясьстрой;Северо-Западный;Ленинградская обл;f59186fa-b4db-4b2d-88b9-e3fde4a90690
Тавда;Уральский;Свердловская обл;e3d340e7-15af-436c-a0f0-abfaf2108fca
Таганрог;Южный;Ростовская обл;d72c95ed-9fdd-4f27-b94f-898fc3f1177d
Тайга;Сибирский;Кемеровская область - Кузбасс обл;4da6f430-f531-42f5-9176-1f6cf7ba6367
Тайшет;Сибирский;Иркутская обл;945ac8e1-b529-4cec-afda-f92c6a6b0f70
Талдом;Центральный;Московская обл;5f2757f9-6cb1-41a6-9610-ee4f73a2f803
Талица;Уральский;Свердловская обл;12a6ddb3-4f9e-44bf-9e24-77eb72cae2ed
Тамбов;Центральный;Тамбовская обл;ea2a1270-1e19-4224-b1a0-4228b9de3c7a
Тара;Сибирский;Омская обл;191443b9-a283-4368-a09d-0a98f16c7dc5
Тарко-Сале;Уральский;Ямало-Ненецкий АО;b998fcc0-d770-4754-9133-d669a2b2ba5d
Таруса;Центральный;Калужская обл;31a0a531-a20f-4ccc-a370-551cd9867b0c
Татарск;Сибирский;Новосибирская обл;17f3169d-63c5-4c04-9395-298333f7e0f4
Таштагол;Сибирский;Кемеровская область - Кузбасс обл;6be8ac27-9aa0-4784-ba97-a15f066995d9
Тверь;Центральный;Тверская обл;c52ea942-555e-45c6-9751-58897717b02f
Теберда;Северо-Кавказский;Карачаево-Черкесская Респ;2edbb310-a924-44a8-a6d0-c9b825214fcf
Тейково;Центральный;Ивановская обл;09a16212-dcce-4f9a-be1a-515911beaba3
Темников;Приволжский;Мордовия Респ;7a57dd0c-5b64-480e-8369-3e22261e2bf0
Темрюк;Южный;Краснодарский край;3d6724a2-9641-44e6-bc69-097d93c01cb9
Терек;Северо-Кавказский;Кабардино-Балкарская Респ;9886a048-8715-4526-80b1-2f0fd8dd7bdf
Тетюши;Приволжский;Татарстан Респ;e277c80f-b3ce-40d5-9a46-8c1e3a8dd1ba
Тимашевск;Южный;Краснодарский край;f09d518d-5617-476f-8c76-877899375202
Тихвин;Северо-Западный;Ленинградская обл;86ec26f6-d980-4c40-b4ce-77e1638ec8ad
Тихорецк;Южный;Краснодарский край;1d3511c8-b1dc-49c5-b5fb-3533ed4ce3c4
Тобольск;Уральский;Тюменская обл;6d7c3e9e-8d6d-490a-a650-8257dbf5ec36
Тогучин;Сибирский;Новосибирская обл;579da04d-579c-4ef7-8f84-aa63088be55b
Тольятти;Приволжский;Самарская обл;242e87c1-584d-4360-8c4c-aae2fe90048e
Томари;Дальневосточный;Сахалинская обл;06eb791a-25e9-4b8e-aaba-4a845b7394db
Томмот;Дальневосточный;Саха /Якутия/ Респ;ddf06654-8540-4b55-9a08-45497cc29a75
Томск;Сибирский;Томская обл;e3b0eae8-a4ce-4779-ae04-5c0797de66be
Топки;Сибирский;Кемеровская область - Кузбасс обл;5a6d8be0-aa32-4344-9a4d-89fdb4c94ae8
Торжок;Центральный;Тверская обл;4b7047b6-a656-48e7-a247-1433d4a7fb82
Торопец;Центральный;Тверская обл;7e35bc70-aa2f-4be7-b34f-8a9c18d48b76
Тосно;Северо-Западный;Ленинградская обл;165119d1-6555-4473-8b90-46ec517b4076
Тотьма;Северо-Западный;Вологодская обл;3a0d6df8-c23f-4435-83bb-9f97dd2e3343
Трехгорный;Уральский;Челябинская обл;097d2fcb-d22a-4fbd-89bf-27950b7116a3
Троицк;Уральский;Челябинская обл;b5ad78c2-cc8f-4769-9a9f-75743d8da02f
Трубчевск;Центральный;Брянская обл;7c080d22-1f3c-43b0-ba63-1e7de99724c9
Туапсе;Южный;Краснодарский край;d0e68eaf-5ea0-4e65-81b6-b6f55c4df6f5
Туймазы;Приволжский;Башкортостан Респ;511a0136-f60c-451b-a2eb-3402103f1223
Тула;Центральный;Тульская обл;b2601b18-6da2-4789-9fbe-800dde06a2bb
Тулун;Сибирский;Иркутская обл;869c2c69-e8cd-43ae-9596-e0be50c0fcfe
Туран;Сибирский;Тыва Респ;224d11db-b006-4774-92eb-7fa5b870acbe
Туринск;Уральский;Свердловская обл;45a7312f-5c8b-46d9-b7ff-46d0efa63366
Тутаев;Центральный;Ярославская обл;55aa704c-ff9b-45e6-9493-eb10890e2824
Тында;Дальневосточный;Амурская обл;007e010f-e110-4a55-90a7-c4acac623c9b
Тырныауз;Северо-Кавказский;Кабардино-Балкарская Респ;e0ee885d-786e-457e-9568-2def04ee83b0
Тюкалинск;Сибирский;Омская обл;10959db6-8297-49eb-93e9-2bb7641898ce
Тюмень;Уральский;Тюменская обл;9ae64229-9f7b-4149-b27a-d1f6ec74b5ce
Уварово;Центральный;Тамбовская обл;5a54fa19-c17f-40a8-9d81-0fc826cba781
Углегорск;Дальневосточный;Сахалинская обл;c3da66fb-eb91-47c6-934c-b98ed003c82e
Углич;Центральный;Ярославская обл;bddb02e3-ce5b-4128-8433-b4ad228914b9
Удачный;Дальневосточный;Саха /Якутия/ Респ;e6fde0e4-6124-4e8d-82ce-5f97abe86cc6
Удомля;Центральный;Тверская обл;5bbf246a-6ff4-4050-9ea6-6d0b0a746651
Ужур;Сибирский;Красноярский край;2730ee56-f5f7-472d-9e58-04c0b692bb8d
Узловая;Центральный;Тульская обл;d3f84234-d9f9-4bd9-ae29-459fb22c5433
Улан-Удэ;Дальневосточный;Бурятия Респ;9fdcc25f-a3d0-4f28-8b61-40648d099065
Ульяновск;Приволжский;Ульяновская обл;bebfd75d-a0da-4bf9-8307-2e2c85eac463
Унеча;Центральный;Брянская обл;6a2d5db9-1871-4f1d-b226-bbc6b8400a44
Урай;Уральский;Ханты-Мансийский Автономный округ - Югра АО;610abc14-c127-4d7c-8697-31cb5c7c47f2
Урень;Приволжский;Нижегородская обл;0e7e2d6e-7217-4624-857a-67b2300c0952
Уржум;Приволжский;Кировская обл;759037c3-6408-4466-afe4-b10adc4edff4
Урус-Мартан;Северо-Кавказский;Чеченская Респ;eb208b95-1f50-4290-a9c9-46909aea49a0
Урюпинск;Южный;Волгоградская обл;2e5879fc-35c2-4354-816b-f1fce74ece87
Усинск;Северо-Западный;Коми Респ;267fd50d-0077-4041-9594-18b1de5f2acb
Усмань;Центральный;Липецкая обл;1b3ce1ae-6edd-464b-ab82-79237510cd5c
Усолье;Приволжский;Пермский край;9acef094-749b-406f-89a2-98c02ebf50c5
Усолье-Сибирское;Сибирский;Иркутская обл;ac680034-f7da-4bd8-8374-a5c97aa09516
Уссурийск;Дальневосточный;Приморский край;de7335fb-9baa-48eb-927d-0bb299b2e5bc
Усть-Джегута;Северо-Кавказский;Карачаево-Черкесская Респ;5de40749-195c-445b-b65a-fd1c397d1440
Усть-Илимск;Сибирский;Иркутская обл;78d11295-77b5-4ac4-b128-582e2989c0a5
Усть-Катав;Уральский;Челябинская обл;327f11c6-474f-44f9-aff3-8ba1780fcaf0
Усть-Кут;Сибирский;Иркутская обл;cfb0a55a-3314-42bf-b3d8-5ed5368abdd6
Усть-Лабинск;Южный;Краснодарский край;f5743b34-7858-46b4-99ca-050a4efa356d
Устюжна;Северо-Западный;Вологодская обл;3c2ceeea-04a9-4171-b4dd-341620290258
Уфа;Приволжский;Башкортостан Респ;7339e834-2cb4-4734-a4c7-1fca2c66e562
Ухта;Северо-Западный;Коми Респ;067b4cef-e128-4d5a-8305-fecf53e7b7e8
Учалы;Приволжский;Башкортостан Респ;7b2b052a-49df-4aff-a36f-fb82957da2ea
Уяр;Сибирский;Красноярский край;aab80404-c16d-43b2-92d4-eb06639f37c2
Фатеж;Центральный;Курская обл;f5c96821-4438-461c-b5da-2c812cd0bc0a
Феодосия;Южный;Крым Респ;ddc99126-8c9c-49e0-be2b-e05d2dcdf22e
Фокино;Центральный;Брянская обл;8d7c89e7-d9b9-4d7a-907c-a654b3a4d23d
Фролово;Южный;Волгоградская обл;57e3991f-e685-4ba2-9cef-9988e6fa5862
Фрязино;Центральный;Московская обл;13696e0e-4c75-49aa-9c83-0a6faf5074ee
Фурманов;Центральный;Ивановская обл;9d56ad01-abe9-4f14-89e5-9af4544b94b2
Хабаровск;Дальневосточный;Хабаровский край;a4859da8-9977-4b62-8436-4e1b98c5d13f
Хадыженск;Южный;Краснодарский край;e27ea530-bc56-43b3-8ff7-24db68ae2760
Ханты-Мансийск;Уральский;Ханты-Мансийский Автономный округ - Югра АО;d680d1a9-ff89-42c0-b39f-143d2ffb520a
Харабали;Южный;Астраханская обл;08373220-e187-4094-82de-b8e0864c5f38
Харовск;Северо-Западный;Вологодская обл;e5e0513c-fc84-4373-b3ee-05f8382f8110
Хасавюрт;Северо-Кавказский;Дагестан Респ;b10ca6a7-e9c0-4382-b939-4787aaf43a58
Хвалынск;Приволжский;Саратовская обл;ac586a68-2f14-403e-9ce0-46c01832652d
Хилок;Дальневосточный;Забайкальский край;a4b18a69-c5df-4022-ba9b-a29f99acfa42
Химки;Центральный;Московская обл;d76255c8-3173-4db5-a39b-badd3ebdf851
Холм;Северо-Западный;Новгородская обл;b12ce6eb-00e8-4d54-b309-14569350f346
Холмск;Дальневосточный;Сахалинская обл;0d5fd8b6-9e5e-44e1-a341-fff1c3c9e1e0
Хотьково;Центральный;Московская обл;6cdcecfe-4d41-426c-bac4-034348f7068b
Цивильск;Приволжский;Чувашская Республика Чувашия;927d7cf4-f2e6-4617-9cf6-e73edf9fd9ad
Цимлянск;Южный;Ростовская обл;27095e32-973c-4d07-929a-c46f63076ea8
Циолковский;Дальневосточный;Амурская обл;f9ce3255-3f79-4457-919c-d180fa813b6a
Чадан;Сибирский;Тыва Респ;2f1dec2a-2206-47fa-9620-1db182968112
Чайковский;Приволжский;Пермский край;06d7a6d6-8f57-4e5a-b698-2bc44c92bb84
Чапаевск;Приволжский;Самарская обл;90a11c8e-c39f-4bcd-9df4-f89bed18958c
Чаплыгин;Центральный;Липецкая обл;4aed94c2-977d-41cc-bc72-312026ec4117
Чебаркуль;Уральский;Челябинская обл;1fe59b79-b019-45d7-bfd9-03b3b2d49cb6
Чебоксары;Приволжский;Чувашская Республика Чувашия;dd8caeab-c685-4f2a-bf5f-550aca1bbc48
Чегем;Северо-Кавказский;Кабардино-Балкарская Респ;17bfd906-04ef-45f2-abbb-fcf801d0ba84
Чекалин;Центральный;Тульская обл;de83a84d-6526-46dc-9501-82a4542e5abb
Челябинск;Уральский;Челябинская обл;a376e68d-724a-4472-be7c-891bdb09ae32
Чердынь;Приволжский;Пермский край;242133ad-1c0f-43f0-9865-7b5f914a778f
Черемхово;Сибирский;Иркутская обл;f05b68c4-f1c7-4c3d-b557-f1f44a57b85f
Черепаново;Сибирский;Новосибирская обл;e849dc37-0f3b-4a66-8f0e-780c75927025
Череповец;Северо-Западный;Вологодская обл;b4c30848-5181-44b4-88fa-456e1c4aeb0f
Черкесск;Северо-Кавказский;Карачаево-Черкесская Респ;2a4a7c93-f3f8-4042-8cbf-e04ab64f5e08
Чермоз;Приволжский;Пермский край;8f353d4e-1374-4a88-a06b-51c6a3f9acd1
Черноголовка;Центральный;Московская обл;70c5b1c8-43ec-471f-b3df-fd6f60557332
Черногорск;Сибирский;Хакасия Респ;2e3ec6d8-3835-4c57-9fbc-7e61b58a03a3
Чернушка;Приволжский;Пермский край;c3a35399-c5ea-4f12-bf34-c2cc21e1cc60
Черняховск;Северо-Западный;Калининградская обл;acde8f61-fd56-4cec-a4df-1f033e2a63ee
Чехов;Центральный;Московская обл;7eeb876e-7b67-4ed7-91ec-0588712db96c
Чистополь;Приволжский;Татарстан Респ;c3c7b150-1b5b-49a6-ace2-a24b403b3b94
Чита;Дальневосточный;Забайкальский край;2d9abaa6-85a6-4f1f-a1bd-14b76ec17d9c
Чкаловск;Приволжский;Нижегородская обл;46659847-4fed-4981-bdaf-d260874864ee
Чудово;Северо-Западный;Новгородская обл;a084418b-c41f-4086-9009-0adb7e9117bf
Чулым;Сибирский;Новосибирская обл;bd136162-7404-4915-b456-239426f78b94
Чусовой;Приволжский;Пермский край;784b1911-182d-476b-a4ad-0f3fa1ef7777
Чухлома;Центральный;Костромская обл;fbadac52-08d8-46f2-b2c6-d272b79f36c1
Шагонар;Сибирский;Тыва Респ;a2095706-c501-479c-903a-695b78af1f36
Шадринск;Уральский;Курганская обл;7870abeb-8b0f-4899-920b-3ab8ff6024c0
Шали;Северо-Кавказский;Чеченская Респ;f206e5a7-d074-44cf-a0f3-a9ca855969d2
Шарыпово;Сибирский;Красноярский край;e21e9175-86f9-4e24-b129-abdee0f956dc
Шарья;Центральный;Костромская обл;c78b9b9e-ace7-46d0-9f6f-c259d7f65e4f
Шатура;Центральный;Московская обл;cd6486b7-fd7a-4da8-b7f3-420d6e16b07b
Шахты;Южный;Ростовская обл;dee2e80e-f2e1-4a68-93b0-b7b89b6f3e74
Шахунья;Приволжский;Нижегородская обл;a5d97e2a-acea-44c0-92d1-1f107fc472cd
Шацк;Центральный;Рязанская обл;04b8181c-124d-495d-b8ef-825518186df9
Шебекино;Центральный;Белгородская обл;dc80ddf0-b1ac-4344-98e8-fcfa5295a0a3
Шелехов;Сибирский;Иркутская обл;c727ac3a-e05c-4b81-b8e1-9b1003c28595
Шенкурск;Северо-Западный;Архангельская обл;74a26d75-38a6-485a-9468-52dd7c6711fa
Шилка;Дальневосточный;Забайкальский край;69efa85f-c9d7-44bb-bcda-95205cd1a647
Шимановск;Дальневосточный;Амурская обл;809f0591-bb18-40a2-9fac-7d3d0a22c0bf
Шиханы;Приволжский;Саратовская обл;6c6b065e-9f1c-4afd-ac61-ff8338972818
Шлиссельбург;Северо-Западный;Ленинградская обл;5a543514-a133-431c-919e-8a61c2261783
Шумерля;Приволжский;Чувашская Республика Чувашия;068dfc2d-3a52-4d7f-93bc-797c286e66ac
Шумиха;Уральский;Курганская обл;79685d02-4ac3-42a0-905d-f123918ca296
Шуя;Центральный;Ивановская обл;a6c7e92c-79cf-4b47-beb6-40192295c559
Щекино;Центральный;Тульская обл;2711a4bb-c464-405f-8b8b-cac284c9ae72
Щелкино;Южный;Крым Респ;e6010aa6-5f02-4beb-bcd6-d0a31fa6e978
Щёлково;Центральный;Московская обл;c38a33c1-8f16-4454-bbf4-656d6b8b1739
Щёлково;Центральный;Московская обл;c38a33c1-8f16-4454-bbf4-656d6b8b1739
Щигры;Центральный;Курская обл;9382c84c-3d08-4136-a674-9402da0b9e40
Щучье;Уральский;Курганская обл;a7b4ee16-32cf-4f35-b1c7-f7ab4e458823
Электрогорск;Центральный;Московская обл;091e36e6-fab6-477b-8b07-9151cbeb9cd5
Электросталь;Центральный;Московская обл;e0b171b6-bf2e-4d68-ab05-4d42ab2b375a
Электроугли;Центральный;Московская обл;27fda454-386e-4618-8c08-4e639a0a8bc1
Элиста;Южный;Калмыкия Респ;d5bd18b9-22c1-48e2-9b4a-3b7a4c89a3cb
Энгельс;Приволжский;Саратовская обл;c58d0505-54eb-4c34-8216-b14f7cdb0ecb
Эртиль;Центральный;Воронежская обл;fdbadb36-e4f6-4843-8f1f-80bd4fb4381e
Югорск;Уральский;Ханты-Мансийский Автономный округ - Югра АО;abb05e81-bd8b-4e44-abf7-384c9eba3407
Южа;Центральный;Ивановская обл;16c1333c-8766-4135-a29a-e08f959e60bc
Южно-Сахалинск;Дальневосточный;Сахалинская обл;44388ad0-06aa-49b0-bbf9-1704629d1d68
Южно-Сухокумск;Северо-Кавказский;Дагестан Респ;733221a2-f789-4dda-a3f4-e41c88b6cfbd
Южноуральск;Уральский;Челябинская обл;2ac904d8-365e-4f49-8ff9-f14f88609535
Юрга;Сибирский;Кемеровская область - Кузбасс обл;988289f5-d6d0-40d5-a483-55983e11c033
Юрьевец;Центральный;Ивановская обл;be9d618e-8dc4-498f-aed6-03ce38f82683
Юрьев-Польский;Центральный;Владимирская обл;4859c31b-fba4-460a-9543-befc791da8a9
Юрюзань;Уральский;Челябинская обл;162b9632-9ebb-4143-80fd-2d0c4a978243
Юхнов;Центральный;Калужская обл;503b2859-0304-4e8e-b627-8f611ff27d5e
Ядрин;Приволжский;Чувашская Республика Чувашия;49bf68fa-6f47-4281-9c0f-b2ff8fa96cf6
Якутск;Дальневосточный;Саха /Якутия/ Респ;884c84a2-0141-4652-962d-8a92989b88f7
Ялта;Южный;Крым Респ;daa6815b-0cf0-44c7-981c-84d72d51f2b1
Ялуторовск;Уральский;Тюменская обл;2771f01d-b335-40ba-ac30-11a7d3b43c26
Янаул;Приволжский;Башкортостан Респ;21de303b-205d-4d37-81c9-63d10246e1af
Яранск;Приволжский;Кировская обл;af4098b9-6200-450a-999f-6e732cbdbac3
Яровое;Сибирский;Алтайский край;e07d57ed-22ce-4020-b59c-f7aae6f091bf
Ярославль;Центральный;Ярославская обл;6b1bab7d-ee45-4168-a2a6-4ce2880d90d3
Ярцево;Центральный;Смоленская обл;84588847-9e01-42c0-86cc-5ee2c819aeaf
Ясногорск;Центральный;Тульская обл;87c99d23-260a-4a6e-8f69-f8a3dc131c3b
Ясный;Приволжский;Оренбургская обл;c30ba5a3-1222-4fde-a8d0-ef2d8494e4c8
Яхрома;Центральный;Московская обл;4e503ad8-0372-4434-888c-f111ed78040c
